zip,primary_city,state,county
90001,Los Angeles,CA,Los Angeles County
90002,Los Angeles,CA,Los Angeles County
90003,Los Angeles,CA,Los Angeles County
90004,Los Angeles,CA,Los Angeles County
90005,Los Angeles,CA,Los Angeles County
90006,Los Angeles,CA,Los Angeles County
90007,Los Angeles,CA,Los Angeles County
90008,Los Angeles,CA,Los Angeles County
90009,Los Angeles,CA,Los Angeles County
90010,Los Angeles,CA,Los Angeles County
90011,Los Angeles,CA,Los Angeles County
90012,Los Angeles,CA,Los Angeles County
90013,Los Angeles,CA,Los Angeles County
90014,Los Angeles,CA,Los Angeles County
90015,Los Angeles,CA,Los Angeles County
90016,Los Angeles,CA,Los Angeles County
90017,Los Angeles,CA,Los Angeles County
90018,Los Angeles,CA,Los Angeles County
90019,Los Angeles,CA,Los Angeles County
90020,Los Angeles,CA,Los Angeles County
90021,Los Angeles,CA,Los Angeles County
90022,Los Angeles,CA,Los Angeles County
90023,Los Angeles,CA,Los Angeles County
90024,Los Angeles,CA,Los Angeles County
90025,Los Angeles,CA,Los Angeles County
90026,Los Angeles,CA,Los Angeles County
90027,Los Angeles,CA,Los Angeles County
90028,Los Angeles,CA,Los Angeles County
90029,Los Angeles,CA,Los Angeles County
90030,Los Angeles,CA,Los Angeles County
90031,Los Angeles,CA,Los Angeles County
90032,Los Angeles,CA,Los Angeles County
90033,Los Angeles,CA,Los Angeles County
90034,Los Angeles,CA,Los Angeles County
90035,Los Angeles,CA,Los Angeles County
90036,Los Angeles,CA,Los Angeles County
90037,Los Angeles,CA,Los Angeles County
90038,Los Angeles,CA,Los Angeles County
90039,Los Angeles,CA,Los Angeles County
90040,Los Angeles,CA,Los Angeles County
90041,Los Angeles,CA,Los Angeles County
90042,Los Angeles,CA,Los Angeles County
90043,Los Angeles,CA,Los Angeles County
90044,Los Angeles,CA,Los Angeles County
90045,Los Angeles,CA,Los Angeles County
90046,Los Angeles,CA,Los Angeles County
90047,Los Angeles,CA,Los Angeles County
90048,Los Angeles,CA,Los Angeles County
90049,Los Angeles,CA,Los Angeles County
90050,Los Angeles,CA,Los Angeles County
90051,Los Angeles,CA,Los Angeles County
90052,Los Angeles,CA,Los Angeles County
90053,Los Angeles,CA,Los Angeles County
90054,Los Angeles,CA,Los Angeles County
90055,Los Angeles,CA,Los Angeles County
90056,Los Angeles,CA,Los Angeles County
90057,Los Angeles,CA,Los Angeles County
90058,Los Angeles,CA,Los Angeles County
90059,Los Angeles,CA,Los Angeles County
90060,Los Angeles,CA,Los Angeles County
90061,Los Angeles,CA,Los Angeles County
90062,Los Angeles,CA,Los Angeles County
90063,Los Angeles,CA,Los Angeles County
90064,Los Angeles,CA,Los Angeles County
90065,Los Angeles,CA,Los Angeles County
90066,Los Angeles,CA,Los Angeles County
90067,Los Angeles,CA,Los Angeles County
90068,Los Angeles,CA,Los Angeles County
90069,West Hollywood,CA,Los Angeles County
90070,Los Angeles,CA,Los Angeles County
90071,Los Angeles,CA,Los Angeles County
90072,Los Angeles,CA,Los Angeles County
90073,Los Angeles,CA,Los Angeles County
90074,Los Angeles,CA,Los Angeles County
90075,Los Angeles,CA,Los Angeles County
90076,Los Angeles,CA,Los Angeles County
90077,Los Angeles,CA,Los Angeles County
90078,Los Angeles,CA,Los Angeles County
90079,Los Angeles,CA,Los Angeles County
90080,Los Angeles,CA,Los Angeles County
90081,Los Angeles,CA,Los Angeles County
90082,Los Angeles,CA,Los Angeles County
90083,Los Angeles,CA,Los Angeles County
90084,Los Angeles,CA,Los Angeles County
90086,Los Angeles,CA,Los Angeles County
90087,Los Angeles,CA,Los Angeles County
90088,Los Angeles,CA,Los Angeles County
90089,Los Angeles,CA,Los Angeles County
90090,Dodgertown,CA,Los Angeles County
90091,Los Angeles,CA,Los Angeles County
90093,Los Angeles,CA,Los Angeles County
90094,Playa Vista,CA,Los Angeles County
90095,Los Angeles,CA,Los Angeles County
90096,Los Angeles,CA,Los Angeles County
90099,Los Angeles,CA,Los Angeles County
90101,Los Angeles,CA,Los Angeles County
90102,Los Angeles,CA,Los Angeles County
90103,Los Angeles,CA,Los Angeles County
90134,Los Angeles,CA,Los Angeles County
90189,Los Angeles,CA,Los Angeles County
90201,Bell Gardens,CA,Los Angeles County
90202,Bell,CA,Los Angeles County
90209,Beverly Hills,CA,Los Angeles County
90210,Beverly Hills,CA,Los Angeles County
90211,Beverly Hills,CA,Los Angeles County
90212,Beverly Hills,CA,Los Angeles County
90213,Beverly Hills,CA,Los Angeles County
90220,Compton,CA,Los Angeles County
90221,Compton,CA,Los Angeles County
90222,Compton,CA,Los Angeles County
90223,Compton,CA,Los Angeles County
90224,Compton,CA,Los Angeles County
90230,Culver City,CA,Los Angeles County
90231,Culver City,CA,Los Angeles County
90232,Culver City,CA,Los Angeles County
90233,Culver City,CA,Los Angeles County
90239,Downey,CA,Los Angeles County
90240,Downey,CA,Los Angeles County
90241,Downey,CA,Los Angeles County
90242,Downey,CA,Los Angeles County
90245,El Segundo,CA,Los Angeles County
90247,Gardena,CA,Los Angeles County
90248,Gardena,CA,Los Angeles County
90249,Gardena,CA,Los Angeles County
90250,Hawthorne,CA,Los Angeles County
90251,Hawthorne,CA,Los Angeles County
90254,Hermosa Beach,CA,Los Angeles County
90255,Huntington Park,CA,Los Angeles County
90260,Lawndale,CA,Los Angeles County
90261,Lawndale,CA,Los Angeles County
90262,Lynwood,CA,Los Angeles County
90263,Malibu,CA,Los Angeles County
90264,Malibu,CA,Los Angeles County
90265,Malibu,CA,Los Angeles County
90266,Manhattan Beach,CA,Los Angeles County
90267,Manhattan Beach,CA,Los Angeles County
90270,Maywood,CA,Los Angeles County
90272,Pacific Palisades,CA,Los Angeles County
90274,Palos Verdes Peninsula,CA,Los Angeles County
90275,Rancho Palos Verdes,CA,Los Angeles County
90277,Redondo Beach,CA,Los Angeles County
90278,Redondo Beach,CA,Los Angeles County
90280,South Gate,CA,Los Angeles County
90290,Topanga,CA,Los Angeles County
90291,Venice,CA,Los Angeles County
90292,Marina Del Rey,CA,Los Angeles County
90293,Playa Del Rey,CA,Los Angeles County
90294,Venice,CA,Los Angeles County
90295,Marina Del Rey,CA,Los Angeles County
90296,Playa Del Rey,CA,Los Angeles County
90301,Inglewood,CA,Los Angeles County
90302,Inglewood,CA,Los Angeles County
90303,Inglewood,CA,Los Angeles County
90304,Inglewood,CA,Los Angeles County
90305,Inglewood,CA,Los Angeles County
90306,Inglewood,CA,Los Angeles County
90307,Inglewood,CA,Los Angeles County
90308,Inglewood,CA,Los Angeles County
90309,Inglewood,CA,Los Angeles County
90310,Inglewood,CA,Los Angeles County
90311,Inglewood,CA,Los Angeles County
90312,Inglewood,CA,Los Angeles County
90313,Inglewood,CA,Los Angeles County
90397,Inglewood,CA,Los Angeles County
90398,Inglewood,CA,Los Angeles County
90401,Santa Monica,CA,Los Angeles County
90402,Santa Monica,CA,Los Angeles County
90403,Santa Monica,CA,Los Angeles County
90404,Santa Monica,CA,Los Angeles County
90405,Santa Monica,CA,Los Angeles County
90406,Santa Monica,CA,Los Angeles County
90407,Santa Monica,CA,Los Angeles County
90408,Santa Monica,CA,Los Angeles County
90409,Santa Monica,CA,Los Angeles County
90410,Santa Monica,CA,Los Angeles County
90411,Santa Monica,CA,Los Angeles County
90501,Torrance,CA,Los Angeles County
90502,Torrance,CA,Los Angeles County
90503,Torrance,CA,Los Angeles County
90504,Torrance,CA,Los Angeles County
90505,Torrance,CA,Los Angeles County
90506,Torrance,CA,Los Angeles County
90507,Torrance,CA,Los Angeles County
90508,Torrance,CA,Los Angeles County
90509,Torrance,CA,Los Angeles County
90510,Torrance,CA,Los Angeles County
90601,Whittier,CA,Los Angeles County
90602,Whittier,CA,Los Angeles County
90603,Whittier,CA,Los Angeles County
90604,Whittier,CA,Los Angeles County
90605,Whittier,CA,Los Angeles County
90606,Whittier,CA,Los Angeles County
90607,Whittier,CA,Los Angeles County
90608,Whittier,CA,Los Angeles County
90609,Whittier,CA,Los Angeles County
90610,Whittier,CA,Los Angeles County
90612,Whittier,CA,Los Angeles County
90620,Buena Park,CA,Orange County
90621,Buena Park,CA,Orange County
90622,Buena Park,CA,Orange County
90623,La Palma,CA,Orange County
90624,Buena Park,CA,Orange County
90630,Cypress,CA,Orange County
90631,La Habra,CA,Orange County
90632,La Habra,CA,Orange County
90633,La Habra,CA,Orange County
90637,La Mirada,CA,Los Angeles County
90638,La Mirada,CA,Los Angeles County
90639,La Mirada,CA,Los Angeles County
90640,Montebello,CA,Los Angeles County
90650,Norwalk,CA,Los Angeles County
90651,Norwalk,CA,Los Angeles County
90652,Norwalk,CA,Los Angeles County
90659,Norwalk,CA,Los Angeles County
90660,Pico Rivera,CA,Los Angeles County
90661,Pico Rivera,CA,Los Angeles County
90662,Pico Rivera,CA,Los Angeles County
90670,Santa Fe Springs,CA,Los Angeles County
90671,Santa Fe Springs,CA,Los Angeles County
90680,Stanton,CA,Orange County
90701,Artesia,CA,Los Angeles County
90702,Artesia,CA,Los Angeles County
90703,Cerritos,CA,Los Angeles County
90704,Avalon,CA,Los Angeles County
90706,Bellflower,CA,Los Angeles County
90707,Bellflower,CA,Los Angeles County
90710,Harbor City,CA,Los Angeles County
90711,Lakewood,CA,Los Angeles County
90712,Lakewood,CA,Los Angeles County
90713,Lakewood,CA,Los Angeles County
90714,Lakewood,CA,Los Angeles County
90715,Lakewood,CA,Los Angeles County
90716,Hawaiian Gardens,CA,Los Angeles County
90717,Lomita,CA,Los Angeles County
90720,Los Alamitos,CA,Orange County
90721,Los Alamitos,CA,Orange County
90723,Paramount,CA,Los Angeles County
90731,San Pedro,CA,Los Angeles County
90732,San Pedro,CA,Los Angeles County
90733,San Pedro,CA,Los Angeles County
90734,San Pedro,CA,Los Angeles County
90740,Seal Beach,CA,Orange County
90742,Sunset Beach,CA,Orange County
90743,Surfside,CA,Orange County
90744,Wilmington,CA,Los Angeles County
90745,Carson,CA,Los Angeles County
90746,Carson,CA,Los Angeles County
90747,Carson,CA,Los Angeles County
90748,Wilmington,CA,Los Angeles County
90749,Carson,CA,Los Angeles County
90755,Signal Hill,CA,Los Angeles County
90801,Long Beach,CA,Los Angeles County
90802,Long Beach,CA,Los Angeles County
90803,Long Beach,CA,Los Angeles County
90804,Long Beach,CA,Los Angeles County
90805,Long Beach,CA,Los Angeles County
90806,Long Beach,CA,Los Angeles County
90807,Long Beach,CA,Los Angeles County
90808,Long Beach,CA,Los Angeles County
90809,Long Beach,CA,Los Angeles County
90810,Long Beach,CA,Los Angeles County
90813,Long Beach,CA,Los Angeles County
90814,Long Beach,CA,Los Angeles County
90815,Long Beach,CA,Los Angeles County
90822,Long Beach,CA,Los Angeles County
90831,Long Beach,CA,Los Angeles County
90832,Long Beach,CA,Los Angeles County
90833,Long Beach,CA,Los Angeles County
90834,Long Beach,CA,Los Angeles County
90835,Long Beach,CA,Los Angeles County
90840,Long Beach,CA,Los Angeles County
90842,Long Beach,CA,Los Angeles County
90844,Long Beach,CA,Los Angeles County
90845,Long Beach,CA,Los Angeles County
90846,Long Beach,CA,Los Angeles County
90847,Long Beach,CA,Los Angeles County
90848,Long Beach,CA,Los Angeles County
90853,Long Beach,CA,Los Angeles County
90888,Long Beach,CA,Los Angeles County
90895,Carson,CA,Los Angeles County
90899,Long Beach,CA,Los Angeles County
91001,Altadena,CA,Los Angeles County
91003,Altadena,CA,Los Angeles County
91006,Arcadia,CA,Los Angeles County
91007,Arcadia,CA,Los Angeles County
91008,Duarte,CA,Los Angeles County
91009,Duarte,CA,Los Angeles County
91010,Duarte,CA,Los Angeles County
91011,La Canada Flintridge,CA,Los Angeles County
91012,La Canada Flintridge,CA,Los Angeles County
91016,Monrovia,CA,Los Angeles County
91017,Monrovia,CA,Los Angeles County
91020,Montrose,CA,Los Angeles County
91021,Montrose,CA,Los Angeles County
91023,Mount Wilson,CA,Los Angeles County
91024,Sierra Madre,CA,Los Angeles County
91025,Sierra Madre,CA,Los Angeles County
91030,South Pasadena,CA,Los Angeles County
91031,South Pasadena,CA,Los Angeles County
91040,Sunland,CA,Los Angeles County
91041,Sunland,CA,Los Angeles County
91042,Tujunga,CA,Los Angeles County
91043,Tujunga,CA,Los Angeles County
91046,Verdugo City,CA,Los Angeles County
91066,Arcadia,CA,Los Angeles County
91077,Arcadia,CA,Los Angeles County
91101,Pasadena,CA,Los Angeles County
91102,Pasadena,CA,Los Angeles County
91103,Pasadena,CA,Los Angeles County
91104,Pasadena,CA,Los Angeles County
91105,Pasadena,CA,Los Angeles County
91106,Pasadena,CA,Los Angeles County
91107,Pasadena,CA,Los Angeles County
91108,San Marino,CA,Los Angeles County
91109,Pasadena,CA,Los Angeles County
91110,Pasadena,CA,Los Angeles County
91114,Pasadena,CA,Los Angeles County
91115,Pasadena,CA,Los Angeles County
91116,Pasadena,CA,Los Angeles County
91117,Pasadena,CA,Los Angeles County
91118,San Marino,CA,Los Angeles County
91121,Pasadena,CA,Los Angeles County
91123,Pasadena,CA,Los Angeles County
91124,Pasadena,CA,Los Angeles County
91125,Pasadena,CA,Los Angeles County
91126,Pasadena,CA,Los Angeles County
91129,Pasadena,CA,Los Angeles County
91131,Pasadena,CA,Los Angeles County
91182,Pasadena,CA,Los Angeles County
91184,Pasadena,CA,Los Angeles County
91185,Pasadena,CA,Los Angeles County
91188,Pasadena,CA,Los Angeles County
91189,Pasadena,CA,Los Angeles County
91191,Pasadena,CA,Los Angeles County
91199,Pasadena,CA,Los Angeles County
91201,Glendale,CA,Los Angeles County
91202,Glendale,CA,Los Angeles County
91203,Glendale,CA,Los Angeles County
91204,Glendale,CA,Los Angeles County
91205,Glendale,CA,Los Angeles County
91206,Glendale,CA,Los Angeles County
91207,Glendale,CA,Los Angeles County
91208,Glendale,CA,Los Angeles County
91209,Glendale,CA,Los Angeles County
91210,Glendale,CA,Los Angeles County
91214,La Crescenta,CA,Los Angeles County
91221,Glendale,CA,Los Angeles County
91222,Glendale,CA,Los Angeles County
91224,La Crescenta,CA,Los Angeles County
91225,Glendale,CA,Los Angeles County
91226,Glendale,CA,Los Angeles County
91301,Agoura Hills,CA,Los Angeles County
91302,Calabasas,CA,Los Angeles County
91303,Canoga Park,CA,Los Angeles County
91304,Canoga Park,CA,Los Angeles County
91305,Canoga Park,CA,Los Angeles County
91306,Winnetka,CA,Los Angeles County
91307,West Hills,CA,Los Angeles County
91308,West Hills,CA,Los Angeles County
91309,Canoga Park,CA,Los Angeles County
91310,Castaic,CA,Los Angeles County
91311,Chatsworth,CA,Los Angeles County
91313,Chatsworth,CA,Los Angeles County
91316,Encino,CA,Los Angeles County
91319,Newbury Park,CA,Ventura County
91320,Newbury Park,CA,Ventura County
91321,Newhall,CA,Los Angeles County
91322,Newhall,CA,Los Angeles County
91324,Northridge,CA,Los Angeles County
91325,Northridge,CA,Los Angeles County
91326,Porter Ranch,CA,Los Angeles County
91327,Northridge,CA,Los Angeles County
91328,Northridge,CA,Los Angeles County
91329,Northridge,CA,Los Angeles County
91330,Northridge,CA,Los Angeles County
91331,Pacoima,CA,Los Angeles County
91333,Pacoima,CA,Los Angeles County
91334,Pacoima,CA,Los Angeles County
91335,Reseda,CA,Los Angeles County
91337,Reseda,CA,Los Angeles County
91340,San Fernando,CA,Los Angeles County
91341,San Fernando,CA,Los Angeles County
91342,Sylmar,CA,Los Angeles County
91343,North Hills,CA,Los Angeles County
91344,Granada Hills,CA,Los Angeles County
91345,Mission Hills,CA,Los Angeles County
91346,Mission Hills,CA,Los Angeles County
91350,Santa Clarita,CA,Los Angeles County
91351,Canyon Country,CA,Los Angeles County
91352,Sun Valley,CA,Los Angeles County
91353,Sun Valley,CA,Los Angeles County
91354,Valencia,CA,Los Angeles County
91355,Valencia,CA,Los Angeles County
91356,Tarzana,CA,Los Angeles County
91357,Tarzana,CA,Los Angeles County
91358,Thousand Oaks,CA,Ventura County
91359,Westlake Village,CA,Los Angeles County
91360,Thousand Oaks,CA,Ventura County
91361,Westlake Village,CA,Ventura County
91362,Thousand Oaks,CA,Ventura County
91363,Thousand Oaks,CA,Los Angeles County
91364,Woodland Hills,CA,Los Angeles County
91365,Woodland Hills,CA,Los Angeles County
91367,Woodland Hills,CA,Los Angeles County
91371,Woodland Hills,CA,Los Angeles County
91372,Calabasas,CA,Los Angeles County
91376,Agoura Hills,CA,Los Angeles County
91377,Oak Park,CA,Ventura County
91380,Santa Clarita,CA,Los Angeles County
91381,Stevenson Ranch,CA,Los Angeles County
91382,Santa Clarita,CA,Los Angeles County
91383,Santa Clarita,CA,Los Angeles County
91384,Castaic,CA,Los Angeles County
91385,Valencia,CA,Los Angeles County
91386,Canyon Country,CA,Los Angeles County
91387,Canyon Country,CA,Los Angeles County
91388,Van Nuys,CA,Los Angeles County
91390,Santa Clarita,CA,Los Angeles County
91392,Sylmar,CA,Los Angeles County
91393,North Hills,CA,Los Angeles County
91394,Granada Hills,CA,Los Angeles County
91395,Mission Hills,CA,Los Angeles County
91396,Winnetka,CA,Los Angeles County
91399,Woodland Hills,CA,Los Angeles County
91401,Van Nuys,CA,Los Angeles County
91402,Panorama City,CA,Los Angeles County
91403,Sherman Oaks,CA,Los Angeles County
91404,Van Nuys,CA,Los Angeles County
91405,Van Nuys,CA,Los Angeles County
91406,Van Nuys,CA,Los Angeles County
91407,Van Nuys,CA,Los Angeles County
91408,Van Nuys,CA,Los Angeles County
91409,Van Nuys,CA,Los Angeles County
91410,Van Nuys,CA,Los Angeles County
91411,Van Nuys,CA,Los Angeles County
91412,Panorama City,CA,Los Angeles County
91413,Sherman Oaks,CA,Los Angeles County
91416,Encino,CA,Los Angeles County
91423,Sherman Oaks,CA,Los Angeles County
91426,Encino,CA,Los Angeles County
91436,Encino,CA,Los Angeles County
91470,Van Nuys,CA,Los Angeles County
91482,Van Nuys,CA,Los Angeles County
91495,Sherman Oaks,CA,Los Angeles County
91496,Van Nuys,CA,Los Angeles County
91497,Van Nuys,CA,Los Angeles County
91499,Van Nuys,CA,Los Angeles County
91501,Burbank,CA,Los Angeles County
91502,Burbank,CA,Los Angeles County
91503,Burbank,CA,Los Angeles County
91504,Burbank,CA,Los Angeles County
91505,Burbank,CA,Los Angeles County
91506,Burbank,CA,Los Angeles County
91507,Burbank,CA,Los Angeles County
91508,Burbank,CA,Los Angeles County
91510,Burbank,CA,Los Angeles County
91521,Burbank,CA,Los Angeles County
91522,Burbank,CA,Los Angeles County
91523,Burbank,CA,Los Angeles County
91526,Burbank,CA,Los Angeles County
91601,North Hollywood,CA,Los Angeles County
91602,North Hollywood,CA,Los Angeles County
91603,North Hollywood,CA,Los Angeles County
91604,Studio City,CA,Los Angeles County
91605,North Hollywood,CA,Los Angeles County
91606,North Hollywood,CA,Los Angeles County
91607,Valley Village,CA,Los Angeles County
91608,Universal City,CA,Los Angeles County
91609,North Hollywood,CA,Los Angeles County
91610,Toluca Lake,CA,Los Angeles County
91611,North Hollywood,CA,Los Angeles County
91612,North Hollywood,CA,Los Angeles County
91614,Studio City,CA,Los Angeles County
91615,North Hollywood,CA,Los Angeles County
91616,North Hollywood,CA,Los Angeles County
91617,Valley Village,CA,Los Angeles County
91618,North Hollywood,CA,Los Angeles County
91701,Rancho Cucamonga,CA,San Bernardino County
91702,Azusa,CA,Los Angeles County
91706,Baldwin Park,CA,Los Angeles County
91708,Chino,CA,San Bernardino County
91709,Chino Hills,CA,San Bernardino County
91710,Chino,CA,San Bernardino County
91711,Claremont,CA,Los Angeles County
91714,City Of Industry,CA,Los Angeles County
91715,City Of Industry,CA,Los Angeles County
91716,City Of Industry,CA,Los Angeles County
91722,Covina,CA,Los Angeles County
91723,Covina,CA,Los Angeles County
91724,Covina,CA,Los Angeles County
91729,Rancho Cucamonga,CA,San Bernardino County
91730,Rancho Cucamonga,CA,San Bernardino County
91731,El Monte,CA,Los Angeles County
91732,El Monte,CA,Los Angeles County
91733,South El Monte,CA,Los Angeles County
91734,El Monte,CA,Los Angeles County
91735,El Monte,CA,Los Angeles County
91737,Rancho Cucamonga,CA,San Bernardino County
91739,Rancho Cucamonga,CA,San Bernardino County
91740,Glendora,CA,Los Angeles County
91741,Glendora,CA,Los Angeles County
91743,Guasti,CA,San Bernardino County
91744,La Puente,CA,Los Angeles County
91745,Hacienda Heights,CA,Los Angeles County
91746,La Puente,CA,Los Angeles County
91747,La Puente,CA,Los Angeles County
91748,Rowland Heights,CA,Los Angeles County
91749,La Puente,CA,Los Angeles County
91750,La Verne,CA,Los Angeles County
91752,Mira Loma,CA,Riverside County
91754,Monterey Park,CA,Los Angeles County
91755,Monterey Park,CA,Los Angeles County
91756,Monterey Park,CA,Los Angeles County
91758,Ontario,CA,San Bernardino County
91759,Mt Baldy,CA,San Bernardino County
91761,Ontario,CA,San Bernardino County
91762,Ontario,CA,San Bernardino County
91763,Montclair,CA,San Bernardino County
91764,Ontario,CA,San Bernardino County
91765,Diamond Bar,CA,Los Angeles County
91766,Pomona,CA,Los Angeles County
91767,Pomona,CA,Los Angeles County
91768,Pomona,CA,Los Angeles County
91769,Pomona,CA,Los Angeles County
91770,Rosemead,CA,Los Angeles County
91771,Rosemead,CA,Los Angeles County
91772,Rosemead,CA,Los Angeles County
91773,San Dimas,CA,Los Angeles County
91775,San Gabriel,CA,Los Angeles County
91776,San Gabriel,CA,Los Angeles County
91778,San Gabriel,CA,Los Angeles County
91780,Temple City,CA,Los Angeles County
91784,Upland,CA,San Bernardino County
91785,Upland,CA,San Bernardino County
91786,Upland,CA,San Bernardino County
91788,Walnut,CA,Los Angeles County
91789,Walnut,CA,Los Angeles County
91790,West Covina,CA,Los Angeles County
91791,West Covina,CA,Los Angeles County
91792,West Covina,CA,Los Angeles County
91793,West Covina,CA,Los Angeles County
91795,Walnut,CA,Los Angeles County
91797,Pomona,CA,Los Angeles County
91798,Ontario,CA,San Bernardino County
91799,Pomona,CA,Los Angeles County
91801,Alhambra,CA,Los Angeles County
91802,Alhambra,CA,Los Angeles County
91803,Alhambra,CA,Los Angeles County
91804,Alhambra,CA,Los Angeles County
91841,Alhambra,CA,Los Angeles County
91896,Alhambra,CA,Los Angeles County
91899,Alhambra,CA,Los Angeles County
91901,Alpine,CA,San Diego County
91902,Bonita,CA,San Diego County
91903,Alpine,CA,San Diego County
91905,Boulevard,CA,San Diego County
91906,Campo,CA,San Diego County
91908,Bonita,CA,San Diego County
91909,Chula Vista,CA,San Diego County
91910,Chula Vista,CA,San Diego County
91911,Chula Vista,CA,San Diego County
91912,Chula Vista,CA,San Diego County
91913,Chula Vista,CA,San Diego County
91914,Chula Vista,CA,San Diego County
91915,Chula Vista,CA,San Diego County
91916,Descanso,CA,San Diego County
91917,Dulzura,CA,San Diego County
91921,Chula Vista,CA,San Diego County
91931,Guatay,CA,San Diego County
91932,Imperial Beach,CA,San Diego County
91933,Imperial Beach,CA,San Diego County
91934,Jacumba,CA,San Diego County
91935,Jamul,CA,San Diego County
91941,La Mesa,CA,San Diego County
91942,La Mesa,CA,San Diego County
91943,La Mesa,CA,San Diego County
91944,La Mesa,CA,San Diego County
91945,Lemon Grove,CA,San Diego County
91946,Lemon Grove,CA,San Diego County
91947,Lincoln Acres,CA,San Diego County
91948,Mount Laguna,CA,San Diego County
91950,National City,CA,San Diego County
91951,National City,CA,San Diego County
91962,Pine Valley,CA,San Diego County
91963,Potrero,CA,San Diego County
91976,Spring Valley,CA,San Diego County
91977,Spring Valley,CA,San Diego County
91978,Spring Valley,CA,San Diego County
91979,Spring Valley,CA,San Diego County
91980,Tecate,CA,San Diego County
91987,Tecate,CA,San Diego County
91990,Potrero,CA,San Diego County
92003,Bonsall,CA,San Diego County
92004,Borrego Springs,CA,San Diego County
92007,Cardiff By The Sea,CA,San Diego County
92008,Carlsbad,CA,San Diego County
92009,Carlsbad,CA,San Diego County
92010,Carlsbad,CA,San Diego County
92011,Carlsbad,CA,San Diego County
92013,Carlsbad,CA,San Diego County
92014,Del Mar,CA,San Diego County
92018,Carlsbad,CA,San Diego County
92019,El Cajon,CA,San Diego County
92020,El Cajon,CA,San Diego County
92021,El Cajon,CA,San Diego County
92022,El Cajon,CA,San Diego County
92023,Encinitas,CA,San Diego County
92024,Encinitas,CA,San Diego County
92025,Escondido,CA,San Diego County
92026,Escondido,CA,San Diego County
92027,Escondido,CA,San Diego County
92028,Fallbrook,CA,San Diego County
92029,Escondido,CA,San Diego County
92030,Escondido,CA,San Diego County
92033,Escondido,CA,San Diego County
92036,Julian,CA,San Diego County
92037,La Jolla,CA,San Diego County
92038,La Jolla,CA,San Diego County
92039,La Jolla,CA,San Diego County
92040,Lakeside,CA,San Diego County
92046,Escondido,CA,San Diego County
92049,Oceanside,CA,San Diego County
92051,Oceanside,CA,San Diego County
92052,Oceanside,CA,San Diego County
92054,Oceanside,CA,San Diego County
92055,Camp Pendleton,CA,San Diego County
92056,Oceanside,CA,San Diego County
92057,Oceanside,CA,San Diego County
92058,Oceanside,CA,San Diego County
92059,Pala,CA,San Diego County
92060,Palomar Mountain,CA,San Diego County
92061,Pauma Valley,CA,San Diego County
92064,Poway,CA,San Diego County
92065,Ramona,CA,San Diego County
92066,Ranchita,CA,San Diego County
92067,Rancho Santa Fe,CA,San Diego County
92068,San Luis Rey,CA,San Diego County
92069,San Marcos,CA,San Diego County
92070,Santa Ysabel,CA,San Diego County
92071,Santee,CA,San Diego County
92072,Santee,CA,San Diego County
92074,Poway,CA,San Diego County
92075,Solana Beach,CA,San Diego County
92078,San Marcos,CA,San Diego County
92079,San Marcos,CA,San Diego County
92081,Vista,CA,San Diego County
92082,Valley Center,CA,San Diego County
92083,Vista,CA,San Diego County
92084,Vista,CA,San Diego County
92085,Vista,CA,San Diego County
92086,Warner Springs,CA,San Diego County
92088,Fallbrook,CA,San Diego County
92090,El Cajon,CA,San Diego County
92091,Rancho Santa Fe,CA,San Diego County
92092,La Jolla,CA,San Diego County
92093,La Jolla,CA,San Diego County
92096,San Marcos,CA,San Diego County
92101,San Diego,CA,San Diego County
92102,San Diego,CA,San Diego County
92103,San Diego,CA,San Diego County
92104,San Diego,CA,San Diego County
92105,San Diego,CA,San Diego County
92106,San Diego,CA,San Diego County
92107,San Diego,CA,San Diego County
92108,San Diego,CA,San Diego County
92109,San Diego,CA,San Diego County
92110,San Diego,CA,San Diego County
92111,San Diego,CA,San Diego County
92112,San Diego,CA,San Diego County
92113,San Diego,CA,San Diego County
92114,San Diego,CA,San Diego County
92115,San Diego,CA,San Diego County
92116,San Diego,CA,San Diego County
92117,San Diego,CA,San Diego County
92118,Coronado,CA,San Diego County
92119,San Diego,CA,San Diego County
92120,San Diego,CA,San Diego County
92121,San Diego,CA,San Diego County
92122,San Diego,CA,San Diego County
92123,San Diego,CA,San Diego County
92124,San Diego,CA,San Diego County
92126,San Diego,CA,San Diego County
92127,San Diego,CA,San Diego County
92128,San Diego,CA,San Diego County
92129,San Diego,CA,San Diego County
92130,San Diego,CA,San Diego County
92131,San Diego,CA,San Diego County
92132,San Diego,CA,San Diego County
92133,San Diego,CA,San Diego County
92134,San Diego,CA,San Diego County
92135,San Diego,CA,San Diego County
92136,San Diego,CA,San Diego County
92137,San Diego,CA,San Diego County
92138,San Diego,CA,San Diego County
92139,San Diego,CA,San Diego County
92140,San Diego,CA,San Diego County
92142,San Diego,CA,San Diego County
92143,San Ysidro,CA,San Diego County
92145,San Diego,CA,San Diego County
92147,San Diego,CA,San Diego County
92149,San Diego,CA,San Diego County
92150,San Diego,CA,San Diego County
92152,San Diego,CA,San Diego County
92153,San Diego,CA,San Diego County
92154,San Diego,CA,San Diego County
92155,San Diego,CA,San Diego County
92158,San Diego,CA,San Diego County
92159,San Diego,CA,San Diego County
92160,San Diego,CA,San Diego County
92161,San Diego,CA,San Diego County
92162,San Diego,CA,San Diego County
92163,San Diego,CA,San Diego County
92164,San Diego,CA,San Diego County
92165,San Diego,CA,San Diego County
92166,San Diego,CA,San Diego County
92167,San Diego,CA,San Diego County
92168,San Diego,CA,San Diego County
92169,San Diego,CA,San Diego County
92170,San Diego,CA,San Diego County
92171,San Diego,CA,San Diego County
92172,San Diego,CA,San Diego County
92173,San Ysidro,CA,San Diego County
92174,San Diego,CA,San Diego County
92175,San Diego,CA,San Diego County
92176,San Diego,CA,San Diego County
92177,San Diego,CA,San Diego County
92178,Coronado,CA,San Diego County
92179,San Diego,CA,San Diego County
92182,San Diego,CA,San Diego County
92184,San Diego,CA,San Diego County
92186,San Diego,CA,San Diego County
92187,San Diego,CA,San Diego County
92190,San Diego,CA,San Diego County
92191,San Diego,CA,San Diego County
92192,San Diego,CA,San Diego County
92193,San Diego,CA,San Diego County
92194,San Diego,CA,San Diego County
92195,San Diego,CA,San Diego County
92196,San Diego,CA,San Diego County
92197,San Diego,CA,San Diego County
92198,San Diego,CA,San Diego County
92199,San Diego,CA,San Diego County
92201,Indio,CA,Riverside County
92202,Indio,CA,Riverside County
92203,Indio,CA,Riverside County
92210,Indian Wells,CA,Riverside County
92211,Palm Desert,CA,Riverside County
92220,Banning,CA,Riverside County
92222,Bard,CA,Imperial County
92223,Beaumont,CA,Riverside County
92225,Blythe,CA,Riverside County
92226,Blythe,CA,Riverside County
92227,Brawley,CA,Imperial County
92230,Cabazon,CA,Riverside County
92231,Calexico,CA,Imperial County
92232,Calexico,CA,Imperial County
92233,Calipatria,CA,Imperial County
92234,Cathedral City,CA,Riverside County
92235,Cathedral City,CA,Riverside County
92236,Coachella,CA,Riverside County
92239,Desert Center,CA,Riverside County
92240,Desert Hot Springs,CA,Riverside County
92241,Desert Hot Springs,CA,Riverside County
92242,Earp,CA,San Bernardino County
92243,El Centro,CA,Imperial County
92244,El Centro,CA,Imperial County
92247,La Quinta,CA,Riverside County
92248,La Quinta,CA,Riverside County
92249,Heber,CA,Imperial County
92250,Holtville,CA,Imperial County
92251,Imperial,CA,Imperial County
92252,Joshua Tree,CA,San Bernardino County
92253,La Quinta,CA,Riverside County
92254,Mecca,CA,Riverside County
92255,Palm Desert,CA,Riverside County
92256,Morongo Valley,CA,San Bernardino County
92257,Niland,CA,Imperial County
92258,North Palm Springs,CA,Riverside County
92259,Ocotillo,CA,Imperial County
92260,Palm Desert,CA,Riverside County
92261,Palm Desert,CA,Riverside County
92262,Palm Springs,CA,Riverside County
92263,Palm Springs,CA,Riverside County
92264,Palm Springs,CA,Riverside County
92266,Palo Verde,CA,Imperial County
92267,Parker Dam,CA,San Bernardino County
92268,Pioneertown,CA,San Bernardino County
92270,Rancho Mirage,CA,Riverside County
92273,Seeley,CA,Imperial County
92274,Thermal,CA,Riverside County
92275,Salton City,CA,Imperial County
92276,Thousand Palms,CA,Riverside County
92277,Twentynine Palms,CA,San Bernardino County
92278,Twentynine Palms,CA,San Bernardino County
92280,Vidal,CA,San Bernardino County
92281,Westmorland,CA,Imperial County
92282,Whitewater,CA,Riverside County
92283,Winterhaven,CA,Imperial County
92284,Yucca Valley,CA,San Bernardino County
92285,Landers,CA,San Bernardino County
92286,Yucca Valley,CA,San Bernardino County
92292,Palm Springs,CA,Riverside County
92301,Adelanto,CA,San Bernardino County
92304,Amboy,CA,San Bernardino County
92305,Angelus Oaks,CA,San Bernardino County
92307,Apple Valley,CA,San Bernardino County
92308,Apple Valley,CA,San Bernardino County
92309,Baker,CA,San Bernardino County
92310,Fort Irwin,CA,San Bernardino County
92311,Barstow,CA,San Bernardino County
92312,Barstow,CA,San Bernardino County
92313,Grand Terrace,CA,San Bernardino County
92314,Big Bear City,CA,San Bernardino County
92315,Big Bear Lake,CA,San Bernardino County
92316,Bloomington,CA,San Bernardino County
92317,Blue Jay,CA,San Bernardino County
92318,Bryn Mawr,CA,San Bernardino County
92320,Calimesa,CA,Riverside County
92321,Cedar Glen,CA,San Bernardino County
92322,Cedarpines Park,CA,San Bernardino County
92323,Cima,CA,San Bernardino County
92324,Colton,CA,San Bernardino County
92325,Crestline,CA,San Bernardino County
92326,Crest Park,CA,San Bernardino County
92327,Daggett,CA,San Bernardino County
92328,Death Valley,CA,Inyo County
92329,Phelan,CA,San Bernardino County
92331,Fontana,CA,San Bernardino County
92332,Essex,CA,San Bernardino County
92333,Fawnskin,CA,San Bernardino County
92334,Fontana,CA,San Bernardino County
92335,Fontana,CA,San Bernardino County
92336,Fontana,CA,San Bernardino County
92337,Fontana,CA,San Bernardino County
92338,Ludlow,CA,San Bernardino County
92339,Forest Falls,CA,San Bernardino County
92340,Hesperia,CA,San Bernardino County
92341,Green Valley Lake,CA,San Bernardino County
92342,Helendale,CA,San Bernardino County
92344,Hesperia,CA,San Bernardino County
92345,Hesperia,CA,San Bernardino County
92346,Highland,CA,San Bernardino County
92347,Hinkley,CA,San Bernardino County
92350,Loma Linda,CA,San Bernardino County
92352,Lake Arrowhead,CA,San Bernardino County
92354,Loma Linda,CA,San Bernardino County
92356,Lucerne Valley,CA,San Bernardino County
92357,Loma Linda,CA,San Bernardino County
92358,Lytle Creek,CA,San Bernardino County
92359,Mentone,CA,San Bernardino County
92363,Needles,CA,San Bernardino County
92364,Nipton,CA,San Bernardino County
92365,Newberry Springs,CA,San Bernardino County
92366,Mountain Pass,CA,San Bernardino County
92368,Oro Grande,CA,San Bernardino County
92369,Patton,CA,San Bernardino County
92371,Phelan,CA,San Bernardino County
92372,Pinon Hills,CA,San Bernardino County
92373,Redlands,CA,San Bernardino County
92374,Redlands,CA,San Bernardino County
92375,Redlands,CA,San Bernardino County
92376,Rialto,CA,San Bernardino County
92377,Rialto,CA,San Bernardino County
92378,Rimforest,CA,San Bernardino County
92382,Running Springs,CA,San Bernardino County
92384,Shoshone,CA,Inyo County
92385,Skyforest,CA,San Bernardino County
92386,Sugarloaf,CA,San Bernardino County
92389,Tecopa,CA,Inyo County
92391,Twin Peaks,CA,San Bernardino County
92392,Victorville,CA,San Bernardino County
92393,Victorville,CA,San Bernardino County
92394,Victorville,CA,San Bernardino County
92395,Victorville,CA,San Bernardino County
92397,Wrightwood,CA,San Bernardino County
92398,Yermo,CA,San Bernardino County
92399,Yucaipa,CA,San Bernardino County
92401,San Bernardino,CA,San Bernardino County
92402,San Bernardino,CA,San Bernardino County
92403,San Bernardino,CA,San Bernardino County
92404,San Bernardino,CA,San Bernardino County
92405,San Bernardino,CA,San Bernardino County
92406,San Bernardino,CA,San Bernardino County
92407,San Bernardino,CA,San Bernardino County
92408,San Bernardino,CA,San Bernardino County
92410,San Bernardino,CA,San Bernardino County
92411,San Bernardino,CA,San Bernardino County
92412,San Bernardino,CA,San Bernardino County
92413,San Bernardino,CA,San Bernardino County
92414,San Bernardino,CA,San Bernardino County
92415,San Bernardino,CA,San Bernardino County
92418,San Bernardino,CA,San Bernardino County
92423,San Bernardino,CA,San Bernardino County
92424,San Bernardino,CA,San Bernardino County
92427,San Bernardino,CA,San Bernardino County
92501,Riverside,CA,Riverside County
92502,Riverside,CA,Riverside County
92503,Riverside,CA,Riverside County
92504,Riverside,CA,Riverside County
92505,Riverside,CA,Riverside County
92506,Riverside,CA,Riverside County
92507,Riverside,CA,Riverside County
92508,Riverside,CA,Riverside County
92509,Jurupa Valley,CA,Riverside County
92513,Riverside,CA,Riverside County
92514,Riverside,CA,Riverside County
92515,Riverside,CA,Riverside County
92516,Riverside,CA,Riverside County
92517,Riverside,CA,Riverside County
92518,March Air Reserve Base,CA,Riverside County
92519,Riverside,CA,Riverside County
92521,Riverside,CA,Riverside County
92522,Riverside,CA,Riverside County
92530,Lake Elsinore,CA,Riverside County
92531,Lake Elsinore,CA,Riverside County
92532,Lake Elsinore,CA,Riverside County
92536,Aguanga,CA,Riverside County
92539,Anza,CA,Riverside County
92543,Hemet,CA,Riverside County
92544,Hemet,CA,Riverside County
92545,Hemet,CA,Riverside County
92546,Hemet,CA,Riverside County
92548,Homeland,CA,Riverside County
92549,Idyllwild,CA,Riverside County
92551,Moreno Valley,CA,Riverside County
92552,Moreno Valley,CA,Riverside County
92553,Moreno Valley,CA,Riverside County
92554,Moreno Valley,CA,Riverside County
92555,Moreno Valley,CA,Riverside County
92556,Moreno Valley,CA,Riverside County
92557,Moreno Valley,CA,Riverside County
92561,Mountain Center,CA,Riverside County
92562,Murrieta,CA,Riverside County
92563,Murrieta,CA,Riverside County
92564,Murrieta,CA,Riverside County
92567,Nuevo,CA,Riverside County
92570,Perris,CA,Riverside County
92571,Perris,CA,Riverside County
92572,Perris,CA,Riverside County
92581,San Jacinto,CA,Riverside County
92582,San Jacinto,CA,Riverside County
92583,San Jacinto,CA,Riverside County
92584,Menifee,CA,Riverside County
92585,Menifee,CA,Riverside County
92586,Menifee,CA,Riverside County
92587,Menifee,CA,Riverside County
92589,Temecula,CA,Riverside County
92590,Temecula,CA,Riverside County
92591,Temecula,CA,Riverside County
92592,Temecula,CA,Riverside County
92593,Temecula,CA,Riverside County
92595,Wildomar,CA,Riverside County
92596,Winchester,CA,Riverside County
92599,Perris,CA,Riverside County
92602,Irvine,CA,Orange County
92603,Irvine,CA,Orange County
92604,Irvine,CA,Orange County
92605,Huntington Beach,CA,Orange County
92606,Irvine,CA,Orange County
92607,Laguna Niguel,CA,Orange County
92609,El Toro,CA,Orange County
92610,Foothill Ranch,CA,Orange County
92612,Irvine,CA,Orange County
92614,Irvine,CA,Orange County
92615,Huntington Beach,CA,Orange County
92616,Irvine,CA,Orange County
92617,Irvine,CA,Orange County
92618,Irvine,CA,Orange County
92619,Irvine,CA,Orange County
92620,Irvine,CA,Orange County
92623,Irvine,CA,Orange County
92624,Capistrano Beach,CA,Orange County
92625,Corona Del Mar,CA,Orange County
92626,Costa Mesa,CA,Orange County
92627,Costa Mesa,CA,Orange County
92628,Costa Mesa,CA,Orange County
92629,Dana Point,CA,Orange County
92630,Lake Forest,CA,Orange County
92637,Laguna Woods,CA,Orange County
92646,Huntington Beach,CA,Orange County
92647,Huntington Beach,CA,Orange County
92648,Huntington Beach,CA,Orange County
92649,Huntington Beach,CA,Orange County
92650,East Irvine,CA,Orange County
92651,Laguna Beach,CA,Orange County
92652,Laguna Beach,CA,Orange County
92653,Laguna Hills,CA,Orange County
92654,Laguna Hills,CA,Orange County
92655,Midway City,CA,Orange County
92656,Aliso Viejo,CA,Orange County
92657,Newport Coast,CA,Orange County
92658,Newport Beach,CA,Orange County
92659,Newport Beach,CA,Orange County
92660,Newport Beach,CA,Orange County
92661,Newport Beach,CA,Orange County
92662,Newport Beach,CA,Orange County
92663,Newport Beach,CA,Orange County
92672,San Clemente,CA,Orange County
92673,San Clemente,CA,Orange County
92674,San Clemente,CA,Orange County
92675,San Juan Capistrano,CA,Orange County
92676,Silverado,CA,Orange County
92677,Laguna Niguel,CA,Orange County
92678,Trabuco Canyon,CA,Orange County
92679,Trabuco Canyon,CA,Orange County
92683,Westminster,CA,Orange County
92684,Westminster,CA,Orange County
92685,Westminster,CA,Orange County
92688,Rancho Santa Margarita,CA,Orange County
92690,Mission Viejo,CA,Orange County
92691,Mission Viejo,CA,Orange County
92692,Mission Viejo,CA,Orange County
92693,San Juan Capistrano,CA,Orange County
92694,Ladera Ranch,CA,Orange County
92697,Irvine,CA,Orange County
92698,Aliso Viejo,CA,Orange County
92701,Santa Ana,CA,Orange County
92702,Santa Ana,CA,Orange County
92703,Santa Ana,CA,Orange County
92704,Santa Ana,CA,Orange County
92705,Santa Ana,CA,Orange County
92706,Santa Ana,CA,Orange County
92707,Santa Ana,CA,Orange County
92708,Fountain Valley,CA,Orange County
92709,Irvine,CA,Orange County
92710,Irvine,CA,Orange County
92711,Santa Ana,CA,Orange County
92712,Santa Ana,CA,Orange County
92725,Santa Ana,CA,Orange County
92728,Fountain Valley,CA,Orange County
92735,Santa Ana,CA,Orange County
92780,Tustin,CA,Orange County
92781,Tustin,CA,Orange County
92782,Tustin,CA,Orange County
92799,Santa Ana,CA,Orange County
92801,Anaheim,CA,Orange County
92802,Anaheim,CA,Orange County
92803,Anaheim,CA,Orange County
92804,Anaheim,CA,Orange County
92805,Anaheim,CA,Orange County
92806,Anaheim,CA,Orange County
92807,Anaheim,CA,Orange County
92808,Anaheim,CA,Orange County
92809,Anaheim,CA,Orange County
92811,Atwood,CA,Orange County
92812,Anaheim,CA,Orange County
92814,Anaheim,CA,Orange County
92815,Anaheim,CA,Orange County
92816,Anaheim,CA,Orange County
92817,Anaheim,CA,Orange County
92821,Brea,CA,Orange County
92822,Brea,CA,Orange County
92823,Brea,CA,Orange County
92825,Anaheim,CA,Orange County
92831,Fullerton,CA,Orange County
92832,Fullerton,CA,Orange County
92833,Fullerton,CA,Orange County
92834,Fullerton,CA,Orange County
92835,Fullerton,CA,Orange County
92836,Fullerton,CA,Orange County
92837,Fullerton,CA,Orange County
92838,Fullerton,CA,Orange County
92840,Garden Grove,CA,Orange County
92841,Garden Grove,CA,Orange County
92842,Garden Grove,CA,Orange County
92843,Garden Grove,CA,Orange County
92844,Garden Grove,CA,Orange County
92845,Garden Grove,CA,Orange County
92846,Garden Grove,CA,Orange County
92850,Anaheim,CA,Orange County
92856,Orange,CA,Orange County
92857,Orange,CA,Orange County
92859,Orange,CA,Orange County
92860,Norco,CA,Riverside County
92861,Villa Park,CA,Orange County
92862,Orange,CA,Orange County
92863,Orange,CA,Orange County
92864,Orange,CA,Orange County
92865,Orange,CA,Orange County
92866,Orange,CA,Orange County
92867,Orange,CA,Orange County
92868,Orange,CA,Orange County
92869,Orange,CA,Orange County
92870,Placentia,CA,Orange County
92871,Placentia,CA,Orange County
92877,Corona,CA,Riverside County
92878,Corona,CA,Riverside County
92879,Corona,CA,Riverside County
92880,Corona,CA,Riverside County
92881,Corona,CA,Riverside County
92882,Corona,CA,Riverside County
92883,Corona,CA,Riverside County
92885,Yorba Linda,CA,Orange County
92886,Yorba Linda,CA,Orange County
92887,Yorba Linda,CA,Orange County
92899,Anaheim,CA,Orange County
93001,Ventura,CA,Ventura County
93002,Ventura,CA,Ventura County
93003,Ventura,CA,Ventura County
93004,Ventura,CA,Ventura County
93005,Ventura,CA,Ventura County
93006,Ventura,CA,Ventura County
93007,Ventura,CA,Ventura County
93009,Ventura,CA,Ventura County
93010,Camarillo,CA,Ventura County
93011,Camarillo,CA,Ventura County
93012,Camarillo,CA,Ventura County
93013,Carpinteria,CA,Santa Barbara County
93014,Carpinteria,CA,Santa Barbara County
93015,Fillmore,CA,Ventura County
93016,Fillmore,CA,Ventura County
93020,Moorpark,CA,Ventura County
93021,Moorpark,CA,Ventura County
93022,Oak View,CA,Ventura County
93023,Ojai,CA,Ventura County
93024,Ojai,CA,Ventura County
93030,Oxnard,CA,Ventura County
93031,Oxnard,CA,Ventura County
93032,Oxnard,CA,Ventura County
93033,Oxnard,CA,Ventura County
93034,Oxnard,CA,Ventura County
93035,Oxnard,CA,Ventura County
93036,Oxnard,CA,Ventura County
93040,Piru,CA,Ventura County
93041,Port Hueneme,CA,Ventura County
93042,Point Mugu Nawc,CA,Ventura County
93043,Port Hueneme Cbc Base,CA,Ventura County
93044,Port Hueneme,CA,Ventura County
93060,Santa Paula,CA,Ventura County
93061,Santa Paula,CA,Ventura County
93062,Simi Valley,CA,Ventura County
93063,Simi Valley,CA,Ventura County
93064,Brandeis,CA,Ventura County
93065,Simi Valley,CA,Ventura County
93066,Somis,CA,Ventura County
93067,Summerland,CA,Santa Barbara County
93093,Simi Valley,CA,Ventura County
93094,Simi Valley,CA,Ventura County
93099,Simi Valley,CA,Ventura County
93101,Santa Barbara,CA,Santa Barbara County
93102,Santa Barbara,CA,Santa Barbara County
93103,Santa Barbara,CA,Santa Barbara County
93105,Santa Barbara,CA,Santa Barbara County
93106,Santa Barbara,CA,Santa Barbara County
93107,Santa Barbara,CA,Santa Barbara County
93108,Santa Barbara,CA,Santa Barbara County
93109,Santa Barbara,CA,Santa Barbara County
93110,Santa Barbara,CA,Santa Barbara County
93111,Santa Barbara,CA,Santa Barbara County
93116,Goleta,CA,Santa Barbara County
93117,Goleta,CA,Santa Barbara County
93118,Goleta,CA,Santa Barbara County
93120,Santa Barbara,CA,Santa Barbara County
93121,Santa Barbara,CA,Santa Barbara County
93130,Santa Barbara,CA,Santa Barbara County
93140,Santa Barbara,CA,Santa Barbara County
93150,Santa Barbara,CA,Santa Barbara County
93160,Santa Barbara,CA,Santa Barbara County
93190,Santa Barbara,CA,Santa Barbara County
93199,Goleta,CA,Santa Barbara County
93201,Alpaugh,CA,Tulare County
93202,Armona,CA,Kings County
93203,Arvin,CA,Kern County
93204,Avenal,CA,Kings County
93205,Bodfish,CA,Kern County
93206,Buttonwillow,CA,Kern County
93207,California Hot Springs,CA,Tulare County
93208,Camp Nelson,CA,Tulare County
93210,Coalinga,CA,Fresno County
93212,Corcoran,CA,Kings County
93215,Delano,CA,Kern County
93216,Delano,CA,Kern County
93218,Ducor,CA,Tulare County
93219,Earlimart,CA,Tulare County
93220,Edison,CA,Kern County
93221,Exeter,CA,Tulare County
93222,Pine Mountain Club,CA,Kern County
93223,Farmersville,CA,Tulare County
93224,Fellows,CA,Kern County
93225,Frazier Park,CA,Kern County
93226,Glennville,CA,Kern County
93227,Goshen,CA,Tulare County
93230,Hanford,CA,Kings County
93232,Hanford,CA,Kings County
93234,Huron,CA,Fresno County
93235,Ivanhoe,CA,Tulare County
93237,Kaweah,CA,Tulare County
93238,Kernville,CA,Kern County
93239,Kettleman City,CA,Kings County
93240,Lake Isabella,CA,Kern County
93241,Lamont,CA,Kern County
93242,Laton,CA,Fresno County
93243,Lebec,CA,Kern County
93244,Lemon Cove,CA,Tulare County
93245,Lemoore,CA,Kings County
93246,Lemoore,CA,Kings County
93247,Lindsay,CA,Tulare County
93249,Lost Hills,CA,Kern County
93250,Mc Farland,CA,Kern County
93251,Mc Kittrick,CA,Kern County
93252,Maricopa,CA,Kern County
93254,New Cuyama,CA,Santa Barbara County
93255,Onyx,CA,Kern County
93256,Pixley,CA,Tulare County
93257,Porterville,CA,Tulare County
93258,Porterville,CA,Tulare County
93260,Posey,CA,Tulare County
93261,Richgrove,CA,Tulare County
93262,Sequoia National Park,CA,Tulare County
93263,Shafter,CA,Kern County
93265,Springville,CA,Tulare County
93266,Stratford,CA,Kings County
93267,Strathmore,CA,Tulare County
93268,Taft,CA,Kern County
93270,Terra Bella,CA,Tulare County
93271,Three Rivers,CA,Tulare County
93272,Tipton,CA,Tulare County
93274,Tulare,CA,Tulare County
93275,Tulare,CA,Tulare County
93276,Tupman,CA,Kern County
93277,Visalia,CA,Tulare County
93278,Visalia,CA,Tulare County
93279,Visalia,CA,Tulare County
93280,Wasco,CA,Kern County
93282,Waukena,CA,Tulare County
93283,Weldon,CA,Kern County
93285,Wofford Heights,CA,Kern County
93286,Woodlake,CA,Tulare County
93287,Woody,CA,Kern County
93290,Visalia,CA,Tulare County
93291,Visalia,CA,Tulare County
93292,Visalia,CA,Tulare County
93301,Bakersfield,CA,Kern County
93302,Bakersfield,CA,Kern County
93303,Bakersfield,CA,Kern County
93304,Bakersfield,CA,Kern County
93305,Bakersfield,CA,Kern County
93306,Bakersfield,CA,Kern County
93307,Bakersfield,CA,Kern County
93308,Bakersfield,CA,Kern County
93309,Bakersfield,CA,Kern County
93311,Bakersfield,CA,Kern County
93312,Bakersfield,CA,Kern County
93313,Bakersfield,CA,Kern County
93314,Bakersfield,CA,Kern County
93380,Bakersfield,CA,Kern County
93381,Bakersfield,CA,Kern County
93382,Bakersfield,CA,Kern County
93383,Bakersfield,CA,Kern County
93384,Bakersfield,CA,Kern County
93385,Bakersfield,CA,Kern County
93386,Bakersfield,CA,Kern County
93387,Bakersfield,CA,Kern County
93388,Bakersfield,CA,Kern County
93389,Bakersfield,CA,Kern County
93390,Bakersfield,CA,Kern County
93401,San Luis Obispo,CA,San Luis Obispo County
93402,Los Osos,CA,San Luis Obispo County
93403,San Luis Obispo,CA,San Luis Obispo County
93405,San Luis Obispo,CA,San Luis Obispo County
93406,San Luis Obispo,CA,San Luis Obispo County
93407,San Luis Obispo,CA,San Luis Obispo County
93408,San Luis Obispo,CA,San Luis Obispo County
93409,San Luis Obispo,CA,San Luis Obispo County
93410,San Luis Obispo,CA,San Luis Obispo County
93412,Los Osos,CA,San Luis Obispo County
93420,Arroyo Grande,CA,San Luis Obispo County
93421,Arroyo Grande,CA,San Luis Obispo County
93422,Atascadero,CA,San Luis Obispo County
93423,Atascadero,CA,San Luis Obispo County
93424,Avila Beach,CA,San Luis Obispo County
93426,Bradley,CA,Monterey County
93427,Buellton,CA,Santa Barbara County
93428,Cambria,CA,San Luis Obispo County
93429,Casmalia,CA,Santa Barbara County
93430,Cayucos,CA,San Luis Obispo County
93432,Creston,CA,San Luis Obispo County
93433,Grover Beach,CA,San Luis Obispo County
93434,Guadalupe,CA,Santa Barbara County
93435,Harmony,CA,San Luis Obispo County
93436,Lompoc,CA,Santa Barbara County
93437,Lompoc,CA,Santa Barbara County
93438,Lompoc,CA,Santa Barbara County
93440,Los Alamos,CA,Santa Barbara County
93441,Los Olivos,CA,Santa Barbara County
93442,Morro Bay,CA,San Luis Obispo County
93443,Morro Bay,CA,San Luis Obispo County
93444,Nipomo,CA,San Luis Obispo County
93445,Oceano,CA,San Luis Obispo County
93446,Paso Robles,CA,San Luis Obispo County
93447,Paso Robles,CA,San Luis Obispo County
93448,Pismo Beach,CA,San Luis Obispo County
93449,Pismo Beach,CA,San Luis Obispo County
93450,San Ardo,CA,Monterey County
93451,San Miguel,CA,San Luis Obispo County
93452,San Simeon,CA,San Luis Obispo County
93453,Santa Margarita,CA,San Luis Obispo County
93454,Santa Maria,CA,Santa Barbara County
93455,Santa Maria,CA,Santa Barbara County
93456,Santa Maria,CA,Santa Barbara County
93457,Santa Maria,CA,Santa Barbara County
93458,Santa Maria,CA,Santa Barbara County
93460,Santa Ynez,CA,Santa Barbara County
93461,Shandon,CA,San Luis Obispo County
93463,Solvang,CA,Santa Barbara County
93464,Solvang,CA,Santa Barbara County
93465,Templeton,CA,San Luis Obispo County
93475,Oceano,CA,San Luis Obispo County
93483,Grover Beach,CA,San Luis Obispo County
93501,Mojave,CA,Kern County
93502,Mojave,CA,Kern County
93504,California City,CA,Kern County
93505,California City,CA,Kern County
93510,Acton,CA,Los Angeles County
93512,Benton,CA,Mono County
93513,Big Pine,CA,Inyo County
93514,Bishop,CA,Inyo County
93515,Bishop,CA,Inyo County
93516,Boron,CA,Kern County
93517,Bridgeport,CA,Mono County
93518,Caliente,CA,Kern County
93519,Cantil,CA,Kern County
93522,Darwin,CA,Inyo County
93523,Edwards,CA,Kern County
93524,Edwards,CA,Kern County
93526,Independence,CA,Inyo County
93527,Inyokern,CA,Kern County
93528,Johannesburg,CA,Kern County
93529,June Lake,CA,Mono County
93530,Keeler,CA,Inyo County
93531,Keene,CA,Kern County
93532,Lake Hughes,CA,Los Angeles County
93534,Lancaster,CA,Los Angeles County
93535,Lancaster,CA,Los Angeles County
93536,Lancaster,CA,Los Angeles County
93539,Lancaster,CA,Los Angeles County
93541,Lee Vining,CA,Mono County
93542,Little Lake,CA,Inyo County
93543,Littlerock,CA,Los Angeles County
93544,Llano,CA,Los Angeles County
93545,Lone Pine,CA,Inyo County
93546,Mammoth Lakes,CA,Mono County
93549,Olancha,CA,Inyo County
93550,Palmdale,CA,Los Angeles County
93551,Palmdale,CA,Los Angeles County
93552,Palmdale,CA,Los Angeles County
93553,Pearblossom,CA,Los Angeles County
93554,Randsburg,CA,Kern County
93555,Ridgecrest,CA,Kern County
93556,Ridgecrest,CA,Kern County
93558,Red Mountain,CA,San Bernardino County
93560,Rosamond,CA,Kern County
93561,Tehachapi,CA,Kern County
93562,Trona,CA,San Bernardino County
93563,Valyermo,CA,Los Angeles County
93581,Tehachapi,CA,Kern County
93584,Lancaster,CA,Los Angeles County
93586,Lancaster,CA,Los Angeles County
93590,Palmdale,CA,Los Angeles County
93591,Palmdale,CA,Los Angeles County
93592,Trona,CA,Inyo County
93596,Boron,CA,Kern County
93599,Palmdale,CA,Los Angeles County
93601,Ahwahnee,CA,Madera County
93602,Auberry,CA,Fresno County
93603,Badger,CA,Tulare County
93604,Bass Lake,CA,Madera County
93605,Big Creek,CA,Fresno County
93606,Biola,CA,Fresno County
93607,Burrel,CA,Fresno County
93608,Cantua Creek,CA,Fresno County
93609,Caruthers,CA,Fresno County
93610,Chowchilla,CA,Madera County
93611,Clovis,CA,Fresno County
93612,Clovis,CA,Fresno County
93613,Clovis,CA,Fresno County
93614,Coarsegold,CA,Madera County
93615,Cutler,CA,Tulare County
93616,Del Rey,CA,Fresno County
93618,Dinuba,CA,Tulare County
93619,Clovis,CA,Fresno County
93620,Dos Palos,CA,Merced County
93621,Dunlap,CA,Fresno County
93622,Firebaugh,CA,Fresno County
93623,Fish Camp,CA,Mariposa County
93624,Five Points,CA,Fresno County
93625,Fowler,CA,Fresno County
93626,Friant,CA,Fresno County
93627,Helm,CA,Fresno County
93628,Hume,CA,Fresno County
93630,Kerman,CA,Fresno County
93631,Kingsburg,CA,Fresno County
93633,Kings Canyon National Pk,CA,Tulare County
93634,Lakeshore,CA,Fresno County
93635,Los Banos,CA,Merced County
93636,Madera,CA,Madera County
93637,Madera,CA,Madera County
93638,Madera,CA,Madera County
93639,Madera,CA,Madera County
93640,Mendota,CA,Fresno County
93641,Miramonte,CA,Fresno County
93642,Mono Hot Springs,CA,Fresno County
93643,North Fork,CA,Madera County
93644,Oakhurst,CA,Madera County
93645,O Neals,CA,Madera County
93646,Orange Cove,CA,Fresno County
93647,Orosi,CA,Tulare County
93648,Parlier,CA,Fresno County
93649,Piedra,CA,Fresno County
93650,Fresno,CA,Fresno County
93651,Prather,CA,Fresno County
93652,Raisin City,CA,Fresno County
93653,Raymond,CA,Madera County
93654,Reedley,CA,Fresno County
93656,Riverdale,CA,Fresno County
93657,Sanger,CA,Fresno County
93660,San Joaquin,CA,Fresno County
93661,Santa Rita Park,CA,Merced County
93662,Selma,CA,Fresno County
93664,Shaver Lake,CA,Fresno County
93665,South Dos Palos,CA,Merced County
93666,Sultana,CA,Tulare County
93667,Tollhouse,CA,Fresno County
93668,Tranquillity,CA,Fresno County
93669,Wishon,CA,Madera County
93670,Yettem,CA,Tulare County
93673,Traver,CA,Tulare County
93675,Squaw Valley,CA,Fresno County
93701,Fresno,CA,Fresno County
93702,Fresno,CA,Fresno County
93703,Fresno,CA,Fresno County
93704,Fresno,CA,Fresno County
93705,Fresno,CA,Fresno County
93706,Fresno,CA,Fresno County
93707,Fresno,CA,Fresno County
93708,Fresno,CA,Fresno County
93709,Fresno,CA,Fresno County
93710,Fresno,CA,Fresno County
93711,Fresno,CA,Fresno County
93712,Fresno,CA,Fresno County
93714,Fresno,CA,Fresno County
93715,Fresno,CA,Fresno County
93716,Fresno,CA,Fresno County
93717,Fresno,CA,Fresno County
93718,Fresno,CA,Fresno County
93720,Fresno,CA,Fresno County
93721,Fresno,CA,Fresno County
93722,Fresno,CA,Fresno County
93723,Fresno,CA,Fresno County
93724,Fresno,CA,Fresno County
93725,Fresno,CA,Fresno County
93726,Fresno,CA,Fresno County
93727,Fresno,CA,Fresno County
93728,Fresno,CA,Fresno County
93729,Fresno,CA,Fresno County
93730,Fresno,CA,Fresno County
93737,Fresno,CA,Fresno County
93740,Fresno,CA,Fresno County
93741,Fresno,CA,Fresno County
93744,Fresno,CA,Fresno County
93745,Fresno,CA,Fresno County
93747,Fresno,CA,Fresno County
93750,Fresno,CA,Fresno County
93755,Fresno,CA,Fresno County
93760,Fresno,CA,Fresno County
93761,Fresno,CA,Fresno County
93764,Fresno,CA,Fresno County
93765,Fresno,CA,Fresno County
93771,Fresno,CA,Fresno County
93772,Fresno,CA,Fresno County
93773,Fresno,CA,Fresno County
93774,Fresno,CA,Fresno County
93775,Fresno,CA,Fresno County
93776,Fresno,CA,Fresno County
93777,Fresno,CA,Fresno County
93778,Fresno,CA,Fresno County
93779,Fresno,CA,Fresno County
93780,Fresno,CA,Fresno County
93784,Fresno,CA,Fresno County
93786,Fresno,CA,Fresno County
93790,Fresno,CA,Fresno County
93791,Fresno,CA,Fresno County
93792,Fresno,CA,Fresno County
93793,Fresno,CA,Fresno County
93794,Fresno,CA,Fresno County
93844,Fresno,CA,Fresno County
93888,Fresno,CA,Fresno County
93901,Salinas,CA,Monterey County
93902,Salinas,CA,Monterey County
93905,Salinas,CA,Monterey County
93906,Salinas,CA,Monterey County
93907,Salinas,CA,Monterey County
93908,Salinas,CA,Monterey County
93912,Salinas,CA,Monterey County
93915,Salinas,CA,Monterey County
93920,Big Sur,CA,Monterey County
93921,Carmel By The Sea,CA,Monterey County
93922,Carmel,CA,Monterey County
93923,Carmel,CA,Monterey County
93924,Carmel Valley,CA,Monterey County
93925,Chualar,CA,Monterey County
93926,Gonzales,CA,Monterey County
93927,Greenfield,CA,Monterey County
93928,Jolon,CA,Monterey County
93930,King City,CA,Monterey County
93932,Lockwood,CA,Monterey County
93933,Marina,CA,Monterey County
93940,Monterey,CA,Monterey County
93942,Monterey,CA,Monterey County
93943,Monterey,CA,Monterey County
93944,Monterey,CA,Monterey County
93950,Pacific Grove,CA,Monterey County
93953,Pebble Beach,CA,Monterey County
93954,San Lucas,CA,Monterey County
93955,Seaside,CA,Monterey County
93960,Soledad,CA,Monterey County
93962,Spreckels,CA,Monterey County
94002,Belmont,CA,San Mateo County
94005,Brisbane,CA,San Mateo County
94010,Burlingame,CA,San Mateo County
94011,Burlingame,CA,San Mateo County
94013,Daly City,CA,San Mateo County
94014,Daly City,CA,San Mateo County
94015,Daly City,CA,San Mateo County
94016,Daly City,CA,San Mateo County
94017,Daly City,CA,San Mateo County
94018,El Granada,CA,San Mateo County
94019,Half Moon Bay,CA,San Mateo County
94020,La Honda,CA,San Mateo County
94021,Loma Mar,CA,San Mateo County
94022,Los Altos,CA,Santa Clara County
94023,Los Altos,CA,Santa Clara County
94024,Los Altos,CA,Santa Clara County
94025,Menlo Park,CA,San Mateo County
94026,Menlo Park,CA,San Mateo County
94027,Atherton,CA,San Mateo County
94028,Portola Valley,CA,San Mateo County
94030,Millbrae,CA,San Mateo County
94035,Mountain View,CA,Santa Clara County
94037,Montara,CA,San Mateo County
94038,Moss Beach,CA,San Mateo County
94039,Mountain View,CA,Santa Clara County
94040,Mountain View,CA,Santa Clara County
94041,Mountain View,CA,Santa Clara County
94042,Mountain View,CA,Santa Clara County
94043,Mountain View,CA,Santa Clara County
94044,Pacifica,CA,San Mateo County
94060,Pescadero,CA,San Mateo County
94061,Redwood City,CA,San Mateo County
94062,Redwood City,CA,San Mateo County
94063,Redwood City,CA,San Mateo County
94064,Redwood City,CA,San Mateo County
94065,Redwood City,CA,San Mateo County
94066,San Bruno,CA,San Mateo County
94070,San Carlos,CA,San Mateo County
94074,San Gregorio,CA,San Mateo County
94080,South San Francisco,CA,San Mateo County
94083,South San Francisco,CA,San Mateo County
94085,Sunnyvale,CA,Santa Clara County
94086,Sunnyvale,CA,Santa Clara County
94087,Sunnyvale,CA,Santa Clara County
94088,Sunnyvale,CA,Santa Clara County
94089,Sunnyvale,CA,Santa Clara County
94101,San Francisco,CA,San Francisco County
94102,San Francisco,CA,San Francisco County
94103,San Francisco,CA,San Francisco County
94104,San Francisco,CA,San Francisco County
94105,San Francisco,CA,San Francisco County
94106,San Francisco,CA,San Francisco County
94107,San Francisco,CA,San Francisco County
94108,San Francisco,CA,San Francisco County
94109,San Francisco,CA,San Francisco County
94110,San Francisco,CA,San Francisco County
94111,San Francisco,CA,San Francisco County
94112,San Francisco,CA,San Francisco County
94114,San Francisco,CA,San Francisco County
94115,San Francisco,CA,San Francisco County
94116,San Francisco,CA,San Francisco County
94117,San Francisco,CA,San Francisco County
94118,San Francisco,CA,San Francisco County
94119,San Francisco,CA,San Francisco County
94120,San Francisco,CA,San Francisco County
94121,San Francisco,CA,San Francisco County
94122,San Francisco,CA,San Francisco County
94123,San Francisco,CA,San Francisco County
94124,San Francisco,CA,San Francisco County
94125,San Francisco,CA,San Francisco County
94126,San Francisco,CA,San Francisco County
94127,San Francisco,CA,San Francisco County
94128,San Francisco,CA,San Mateo County
94129,San Francisco,CA,San Francisco County
94130,San Francisco,CA,San Francisco County
94131,San Francisco,CA,San Francisco County
94132,San Francisco,CA,San Francisco County
94133,San Francisco,CA,San Francisco County
94134,San Francisco,CA,San Francisco County
94135,San Francisco,CA,San Francisco County
94136,San Francisco,CA,San Francisco County
94137,San Francisco,CA,San Francisco County
94138,San Francisco,CA,San Francisco County
94139,San Francisco,CA,San Francisco County
94140,San Francisco,CA,San Francisco County
94141,San Francisco,CA,San Francisco County
94142,San Francisco,CA,San Francisco County
94143,San Francisco,CA,San Francisco County
94144,San Francisco,CA,San Francisco County
94145,San Francisco,CA,San Francisco County
94146,San Francisco,CA,San Francisco County
94147,San Francisco,CA,San Francisco County
94150,San Francisco,CA,San Francisco County
94151,San Francisco,CA,San Francisco County
94152,San Francisco,CA,San Francisco County
94153,San Francisco,CA,San Francisco County
94154,San Francisco,CA,San Francisco County
94155,San Francisco,CA,San Francisco County
94156,San Francisco,CA,San Francisco County
94158,San Francisco,CA,San Francisco County
94159,San Francisco,CA,San Francisco County
94160,San Francisco,CA,San Francisco County
94161,San Francisco,CA,San Francisco County
94162,San Francisco,CA,San Francisco County
94163,San Francisco,CA,San Francisco County
94164,San Francisco,CA,San Francisco County
94171,San Francisco,CA,San Francisco County
94172,San Francisco,CA,San Francisco County
94175,San Francisco,CA,San Francisco County
94177,San Francisco,CA,San Francisco County
94188,San Francisco,CA,San Francisco County
94199,San Francisco,CA,San Francisco County
94203,Sacramento,CA,Sacramento County
94204,Sacramento,CA,Sacramento County
94205,Sacramento,CA,Sacramento County
94206,Sacramento,CA,Sacramento County
94207,Sacramento,CA,Sacramento County
94208,Sacramento,CA,Sacramento County
94209,Sacramento,CA,Sacramento County
94211,Sacramento,CA,Sacramento County
94229,Sacramento,CA,Sacramento County
94230,Sacramento,CA,Sacramento County
94232,Sacramento,CA,Sacramento County
94234,Sacramento,CA,Sacramento County
94235,Sacramento,CA,Sacramento County
94236,Sacramento,CA,Sacramento County
94237,Sacramento,CA,Sacramento County
94239,Sacramento,CA,Sacramento County
94240,Sacramento,CA,Sacramento County
94244,Sacramento,CA,Sacramento County
94245,Sacramento,CA,Sacramento County
94246,Sacramento,CA,Sacramento County
94247,Sacramento,CA,Sacramento County
94248,Sacramento,CA,Sacramento County
94249,Sacramento,CA,Sacramento County
94250,Sacramento,CA,Sacramento County
94252,Sacramento,CA,Sacramento County
94254,Sacramento,CA,Sacramento County
94256,Sacramento,CA,Sacramento County
94257,Sacramento,CA,Sacramento County
94258,Sacramento,CA,Sacramento County
94259,Sacramento,CA,Sacramento County
94261,Sacramento,CA,Sacramento County
94262,Sacramento,CA,Sacramento County
94263,Sacramento,CA,Sacramento County
94267,Sacramento,CA,Sacramento County
94268,Sacramento,CA,Sacramento County
94269,Sacramento,CA,Sacramento County
94271,Sacramento,CA,Sacramento County
94273,Sacramento,CA,Sacramento County
94274,Sacramento,CA,Sacramento County
94277,Sacramento,CA,Sacramento County
94278,Sacramento,CA,Sacramento County
94279,Sacramento,CA,Sacramento County
94280,Sacramento,CA,Sacramento County
94282,Sacramento,CA,Sacramento County
94283,Sacramento,CA,Sacramento County
94284,Sacramento,CA,Sacramento County
94285,Sacramento,CA,Sacramento County
94286,Sacramento,CA,Sacramento County
94287,Sacramento,CA,Sacramento County
94288,Sacramento,CA,Sacramento County
94289,Sacramento,CA,Sacramento County
94290,Sacramento,CA,Sacramento County
94291,Sacramento,CA,Sacramento County
94293,Sacramento,CA,Sacramento County
94294,Sacramento,CA,Sacramento County
94295,Sacramento,CA,Sacramento County
94296,Sacramento,CA,Sacramento County
94297,Sacramento,CA,Sacramento County
94298,Sacramento,CA,Sacramento County
94299,Sacramento,CA,Sacramento County
94301,Palo Alto,CA,Santa Clara County
94302,Palo Alto,CA,Santa Clara County
94303,Palo Alto,CA,San Mateo County
94304,Palo Alto,CA,Santa Clara County
94305,Stanford,CA,Santa Clara County
94306,Palo Alto,CA,Santa Clara County
94309,Palo Alto,CA,Santa Clara County
94401,San Mateo,CA,San Mateo County
94402,San Mateo,CA,San Mateo County
94403,San Mateo,CA,San Mateo County
94404,San Mateo,CA,San Mateo County
94497,San Mateo,CA,San Mateo County
94501,Alameda,CA,Alameda County
94502,Alameda,CA,Alameda County
94503,American Canyon,CA,Napa County
94505,Discovery Bay,CA,Contra Costa County
94506,Danville,CA,Contra Costa County
94507,Alamo,CA,Contra Costa County
94508,Angwin,CA,Napa County
94509,Antioch,CA,Contra Costa County
94510,Benicia,CA,Solano County
94511,Bethel Island,CA,Contra Costa County
94512,Birds Landing,CA,Solano County
94513,Brentwood,CA,Contra Costa County
94514,Byron,CA,Contra Costa County
94515,Calistoga,CA,Napa County
94516,Canyon,CA,Contra Costa County
94517,Clayton,CA,Contra Costa County
94518,Concord,CA,Contra Costa County
94519,Concord,CA,Contra Costa County
94520,Concord,CA,Contra Costa County
94521,Concord,CA,Contra Costa County
94522,Concord,CA,Contra Costa County
94523,Pleasant Hill,CA,Contra Costa County
94524,Concord,CA,Contra Costa County
94525,Crockett,CA,Contra Costa County
94526,Danville,CA,Contra Costa County
94527,Concord,CA,Contra Costa County
94528,Diablo,CA,Contra Costa County
94529,Concord,CA,Contra Costa County
94530,El Cerrito,CA,Contra Costa County
94531,Antioch,CA,Contra Costa County
94533,Fairfield,CA,Solano County
94534,Fairfield,CA,Solano County
94535,Travis AFB,CA,Solano County
94536,Fremont,CA,Alameda County
94537,Fremont,CA,Alameda County
94538,Fremont,CA,Alameda County
94539,Fremont,CA,Alameda County
94540,Hayward,CA,Alameda County
94541,Hayward,CA,Alameda County
94542,Hayward,CA,Alameda County
94543,Hayward,CA,Alameda County
94544,Hayward,CA,Alameda County
94545,Hayward,CA,Alameda County
94546,Castro Valley,CA,Alameda County
94547,Hercules,CA,Contra Costa County
94548,Knightsen,CA,Contra Costa County
94549,Lafayette,CA,Contra Costa County
94550,Livermore,CA,Alameda County
94551,Livermore,CA,Alameda County
94552,Castro Valley,CA,Alameda County
94553,Martinez,CA,Contra Costa County
94555,Fremont,CA,Alameda County
94556,Moraga,CA,Contra Costa County
94557,Hayward,CA,Alameda County
94558,Napa,CA,Napa County
94559,Napa,CA,Napa County
94560,Newark,CA,Alameda County
94561,Oakley,CA,Contra Costa County
94562,Oakville,CA,Napa County
94563,Orinda,CA,Contra Costa County
94564,Pinole,CA,Contra Costa County
94565,Pittsburg,CA,Contra Costa County
94566,Pleasanton,CA,Alameda County
94567,Pope Valley,CA,Napa County
94568,Dublin,CA,Alameda County
94569,Port Costa,CA,Contra Costa County
94570,Moraga,CA,Contra Costa County
94571,Rio Vista,CA,Solano County
94572,Rodeo,CA,Contra Costa County
94573,Rutherford,CA,Napa County
94574,Saint Helena,CA,Napa County
94575,Moraga,CA,Contra Costa County
94576,Deer Park,CA,Napa County
94577,San Leandro,CA,Alameda County
94578,San Leandro,CA,Alameda County
94579,San Leandro,CA,Alameda County
94580,San Lorenzo,CA,Alameda County
94581,Napa,CA,Napa County
94582,San Ramon,CA,Contra Costa County
94583,San Ramon,CA,Contra Costa County
94585,Suisun City,CA,Solano County
94586,Sunol,CA,Alameda County
94587,Union City,CA,Alameda County
94588,Pleasanton,CA,Alameda County
94589,Vallejo,CA,Solano County
94590,Vallejo,CA,Solano County
94591,Vallejo,CA,Solano County
94592,Vallejo,CA,Solano County
94595,Walnut Creek,CA,Contra Costa County
94596,Walnut Creek,CA,Contra Costa County
94597,Walnut Creek,CA,Contra Costa County
94598,Walnut Creek,CA,Contra Costa County
94599,Yountville,CA,Napa County
94601,Oakland,CA,Alameda County
94602,Oakland,CA,Alameda County
94603,Oakland,CA,Alameda County
94604,Oakland,CA,Alameda County
94605,Oakland,CA,Alameda County
94606,Oakland,CA,Alameda County
94607,Oakland,CA,Alameda County
94608,Emeryville,CA,Alameda County
94609,Oakland,CA,Alameda County
94610,Oakland,CA,Alameda County
94611,Oakland,CA,Alameda County
94612,Oakland,CA,Alameda County
94613,Oakland,CA,Alameda County
94614,Oakland,CA,Alameda County
94615,Oakland,CA,Alameda County
94617,Oakland,CA,Alameda County
94618,Oakland,CA,Alameda County
94619,Oakland,CA,Alameda County
94620,Piedmont,CA,Alameda County
94621,Oakland,CA,Alameda County
94622,Oakland,CA,Alameda County
94623,Oakland,CA,Alameda County
94624,Oakland,CA,Alameda County
94625,Oakland,CA,Alameda County
94649,Oakland,CA,Alameda County
94659,Oakland,CA,Alameda County
94660,Oakland,CA,Alameda County
94661,Oakland,CA,Alameda County
94662,Emeryville,CA,Alameda County
94666,Oakland,CA,Alameda County
94701,Berkeley,CA,Alameda County
94702,Berkeley,CA,Alameda County
94703,Berkeley,CA,Alameda County
94704,Berkeley,CA,Alameda County
94705,Berkeley,CA,Alameda County
94706,Albany,CA,Alameda County
94707,Berkeley,CA,Alameda County
94708,Berkeley,CA,Alameda County
94709,Berkeley,CA,Alameda County
94710,Berkeley,CA,Alameda County
94712,Berkeley,CA,Alameda County
94720,Berkeley,CA,Alameda County
94801,Richmond,CA,Contra Costa County
94802,Richmond,CA,Contra Costa County
94803,El Sobrante,CA,Contra Costa County
94804,Richmond,CA,Contra Costa County
94805,Richmond,CA,Contra Costa County
94806,San Pablo,CA,Contra Costa County
94807,Richmond,CA,Contra Costa County
94808,Richmond,CA,Contra Costa County
94820,El Sobrante,CA,Contra Costa County
94850,Richmond,CA,Contra Costa County
94901,San Rafael,CA,Marin County
94903,San Rafael,CA,Marin County
94904,Greenbrae,CA,Marin County
94912,San Rafael,CA,Marin County
94913,San Rafael,CA,Marin County
94914,Kentfield,CA,Marin County
94915,San Rafael,CA,Marin County
94920,Belvedere Tiburon,CA,Marin County
94922,Bodega,CA,Sonoma County
94923,Bodega Bay,CA,Sonoma County
94924,Bolinas,CA,Marin County
94925,Corte Madera,CA,Marin County
94926,Rohnert Park,CA,Sonoma County
94927,Rohnert Park,CA,Sonoma County
94928,Rohnert Park,CA,Sonoma County
94929,Dillon Beach,CA,Marin County
94930,Fairfax,CA,Marin County
94931,Cotati,CA,Sonoma County
94933,Forest Knolls,CA,Marin County
94937,Inverness,CA,Marin County
94938,Lagunitas,CA,Marin County
94939,Larkspur,CA,Marin County
94940,Marshall,CA,Marin County
94941,Mill Valley,CA,Marin County
94942,Mill Valley,CA,Marin County
94945,Novato,CA,Marin County
94946,Nicasio,CA,Marin County
94947,Novato,CA,Marin County
94948,Novato,CA,Marin County
94949,Novato,CA,Marin County
94950,Olema,CA,Marin County
94951,Penngrove,CA,Sonoma County
94952,Petaluma,CA,Sonoma County
94953,Petaluma,CA,Sonoma County
94954,Petaluma,CA,Sonoma County
94955,Petaluma,CA,Sonoma County
94956,Point Reyes Station,CA,Marin County
94957,Ross,CA,Marin County
94960,San Anselmo,CA,Marin County
94963,San Geronimo,CA,Marin County
94964,San Quentin,CA,Marin County
94965,Sausalito,CA,Marin County
94966,Sausalito,CA,Marin County
94970,Stinson Beach,CA,Marin County
94971,Tomales,CA,Marin County
94972,Valley Ford,CA,Sonoma County
94973,Woodacre,CA,Marin County
94974,San Quentin,CA,Marin County
94975,Petaluma,CA,Sonoma County
94976,Corte Madera,CA,Marin County
94977,Larkspur,CA,Marin County
94978,Fairfax,CA,Marin County
94979,San Anselmo,CA,Marin County
94998,Novato,CA,Marin County
94999,Petaluma,CA,Sonoma County
95001,Aptos,CA,Santa Cruz County
95002,Alviso,CA,Santa Clara County
95003,Aptos,CA,Santa Cruz County
95004,Aromas,CA,Monterey County
95005,Ben Lomond,CA,Santa Cruz County
95006,Boulder Creek,CA,Santa Cruz County
95007,Brookdale,CA,Santa Cruz County
95008,Campbell,CA,Santa Clara County
95009,Campbell,CA,Santa Clara County
95010,Capitola,CA,Santa Cruz County
95011,Campbell,CA,Santa Clara County
95012,Castroville,CA,Monterey County
95013,Coyote,CA,Santa Clara County
95014,Cupertino,CA,Santa Clara County
95015,Cupertino,CA,Santa Clara County
95017,Davenport,CA,Santa Cruz County
95018,Felton,CA,Santa Cruz County
95019,Freedom,CA,Santa Cruz County
95020,Gilroy,CA,Santa Clara County
95021,Gilroy,CA,Santa Clara County
95023,Hollister,CA,San Benito County
95024,Hollister,CA,San Benito County
95026,Holy City,CA,Santa Clara County
95030,Los Gatos,CA,Santa Clara County
95031,Los Gatos,CA,Santa Clara County
95032,Los Gatos,CA,Santa Clara County
95033,Los Gatos,CA,Santa Cruz County
95035,Milpitas,CA,Santa Clara County
95036,Milpitas,CA,Santa Clara County
95037,Morgan Hill,CA,Santa Clara County
95038,Morgan Hill,CA,Santa Clara County
95039,Moss Landing,CA,Monterey County
95041,Mount Hermon,CA,Santa Cruz County
95042,New Almaden,CA,Santa Clara County
95043,Paicines,CA,San Benito County
95044,Redwood Estates,CA,Santa Clara County
95045,San Juan Bautista,CA,San Benito County
95046,San Martin,CA,Santa Clara County
95050,Santa Clara,CA,Santa Clara County
95051,Santa Clara,CA,Santa Clara County
95052,Santa Clara,CA,Santa Clara County
95053,Santa Clara,CA,Santa Clara County
95054,Santa Clara,CA,Santa Clara County
95055,Santa Clara,CA,Santa Clara County
95056,Santa Clara,CA,Santa Clara County
95060,Santa Cruz,CA,Santa Cruz County
95061,Santa Cruz,CA,Santa Cruz County
95062,Santa Cruz,CA,Santa Cruz County
95063,Santa Cruz,CA,Santa Cruz County
95064,Santa Cruz,CA,Santa Cruz County
95065,Santa Cruz,CA,Santa Cruz County
95066,Scotts Valley,CA,Santa Cruz County
95067,Scotts Valley,CA,Santa Cruz County
95070,Saratoga,CA,Santa Clara County
95071,Saratoga,CA,Santa Clara County
95073,Soquel,CA,Santa Cruz County
95075,Tres Pinos,CA,San Benito County
95076,Watsonville,CA,Santa Cruz County
95077,Watsonville,CA,Santa Cruz County
95101,San Jose,CA,Santa Clara County
95103,San Jose,CA,Santa Clara County
95106,San Jose,CA,Santa Clara County
95108,San Jose,CA,Santa Clara County
95109,San Jose,CA,Santa Clara County
95110,San Jose,CA,Santa Clara County
95111,San Jose,CA,Santa Clara County
95112,San Jose,CA,Santa Clara County
95113,San Jose,CA,Santa Clara County
95115,San Jose,CA,Santa Clara County
95116,San Jose,CA,Santa Clara County
95117,San Jose,CA,Santa Clara County
95118,San Jose,CA,Santa Clara County
95119,San Jose,CA,Santa Clara County
95120,San Jose,CA,Santa Clara County
95121,San Jose,CA,Santa Clara County
95122,San Jose,CA,Santa Clara County
95123,San Jose,CA,Santa Clara County
95124,San Jose,CA,Santa Clara County
95125,San Jose,CA,Santa Clara County
95126,San Jose,CA,Santa Clara County
95127,San Jose,CA,Santa Clara County
95128,San Jose,CA,Santa Clara County
95129,San Jose,CA,Santa Clara County
95130,San Jose,CA,Santa Clara County
95131,San Jose,CA,Santa Clara County
95132,San Jose,CA,Santa Clara County
95133,San Jose,CA,Santa Clara County
95134,San Jose,CA,Santa Clara County
95135,San Jose,CA,Santa Clara County
95136,San Jose,CA,Santa Clara County
95138,San Jose,CA,Santa Clara County
95139,San Jose,CA,Santa Clara County
95140,Mount Hamilton,CA,Santa Clara County
95141,San Jose,CA,Santa Clara County
95148,San Jose,CA,Santa Clara County
95150,San Jose,CA,Santa Clara County
95151,San Jose,CA,Santa Clara County
95152,San Jose,CA,Santa Clara County
95153,San Jose,CA,Santa Clara County
95154,San Jose,CA,Santa Clara County
95155,San Jose,CA,Santa Clara County
95156,San Jose,CA,Santa Clara County
95157,San Jose,CA,Santa Clara County
95158,San Jose,CA,Santa Clara County
95159,San Jose,CA,Santa Clara County
95160,San Jose,CA,Santa Clara County
95161,San Jose,CA,Santa Clara County
95164,San Jose,CA,Santa Clara County
95170,San Jose,CA,Santa Clara County
95172,San Jose,CA,Santa Clara County
95173,San Jose,CA,Santa Clara County
95190,San Jose,CA,Santa Clara County
95191,San Jose,CA,Santa Clara County
95192,San Jose,CA,Santa Clara County
95193,San Jose,CA,Santa Clara County
95194,San Jose,CA,Santa Clara County
95196,San Jose,CA,Santa Clara County
95201,Stockton,CA,San Joaquin County
95202,Stockton,CA,San Joaquin County
95203,Stockton,CA,San Joaquin County
95204,Stockton,CA,San Joaquin County
95205,Stockton,CA,San Joaquin County
95206,Stockton,CA,San Joaquin County
95207,Stockton,CA,San Joaquin County
95208,Stockton,CA,San Joaquin County
95209,Stockton,CA,San Joaquin County
95210,Stockton,CA,San Joaquin County
95211,Stockton,CA,San Joaquin County
95212,Stockton,CA,San Joaquin County
95213,Stockton,CA,San Joaquin County
95214,Stockton,CA,
95215,Stockton,CA,San Joaquin County
95219,Stockton,CA,San Joaquin County
95220,Acampo,CA,San Joaquin County
95221,Altaville,CA,Calaveras County
95222,Angels Camp,CA,Calaveras County
95223,Arnold,CA,Calaveras County
95224,Avery,CA,Calaveras County
95225,Burson,CA,Calaveras County
95226,Campo Seco,CA,Calaveras County
95227,Clements,CA,San Joaquin County
95228,Copperopolis,CA,Calaveras County
95229,Douglas Flat,CA,Calaveras County
95230,Farmington,CA,San Joaquin County
95231,French Camp,CA,San Joaquin County
95232,Glencoe,CA,Calaveras County
95233,Hathaway Pines,CA,Calaveras County
95234,Holt,CA,San Joaquin County
95236,Linden,CA,San Joaquin County
95237,Lockeford,CA,San Joaquin County
95240,Lodi,CA,San Joaquin County
95241,Lodi,CA,San Joaquin County
95242,Lodi,CA,San Joaquin County
95245,Mokelumne Hill,CA,Calaveras County
95246,Mountain Ranch,CA,Calaveras County
95247,Murphys,CA,Calaveras County
95248,Rail Road Flat,CA,Calaveras County
95249,San Andreas,CA,Calaveras County
95250,San Andreas,CA,Calaveras County
95251,Vallecito,CA,Calaveras County
95252,Valley Springs,CA,Calaveras County
95253,Victor,CA,San Joaquin County
95254,Wallace,CA,Calaveras County
95255,West Point,CA,Calaveras County
95257,Wilseyville,CA,Calaveras County
95258,Woodbridge,CA,San Joaquin County
95267,Stockton,CA,San Joaquin County
95269,Stockton,CA,San Joaquin County
95296,Stockton,CA,San Joaquin County
95297,Stockton,CA,San Joaquin County
95301,Atwater,CA,Merced County
95303,Ballico,CA,Merced County
95304,Tracy,CA,San Joaquin County
95305,Big Oak Flat,CA,Tuolumne County
95306,Catheys Valley,CA,Mariposa County
95307,Ceres,CA,Stanislaus County
95309,Chinese Camp,CA,Tuolumne County
95310,Columbia,CA,Tuolumne County
95311,Coulterville,CA,Mariposa County
95312,Cressey,CA,Merced County
95313,Crows Landing,CA,Stanislaus County
95314,Pinecrest,CA,Tuolumne County
95315,Delhi,CA,Merced County
95316,Denair,CA,Stanislaus County
95317,El Nido,CA,Merced County
95318,El Portal,CA,Mariposa County
95319,Empire,CA,Stanislaus County
95320,Escalon,CA,San Joaquin County
95321,Groveland,CA,Tuolumne County
95322,Gustine,CA,Merced County
95323,Hickman,CA,Stanislaus County
95324,Hilmar,CA,Merced County
95325,Hornitos,CA,Mariposa County
95326,Hughson,CA,Stanislaus County
95327,Jamestown,CA,Tuolumne County
95328,Keyes,CA,Stanislaus County
95329,La Grange,CA,Tuolumne County
95330,Lathrop,CA,San Joaquin County
95333,Le Grand,CA,Merced County
95334,Livingston,CA,Merced County
95335,Long Barn,CA,Tuolumne County
95336,Manteca,CA,San Joaquin County
95337,Manteca,CA,San Joaquin County
95338,Mariposa,CA,Mariposa County
95340,Merced,CA,Merced County
95341,Merced,CA,Merced County
95343,Merced,CA,Merced County
95344,Merced,CA,Merced County
95345,Midpines,CA,Mariposa County
95346,Mi Wuk Village,CA,Tuolumne County
95347,Moccasin,CA,Tuolumne County
95348,Merced,CA,Merced County
95350,Modesto,CA,Stanislaus County
95351,Modesto,CA,Stanislaus County
95352,Modesto,CA,Stanislaus County
95353,Modesto,CA,Stanislaus County
95354,Modesto,CA,Stanislaus County
95355,Modesto,CA,Stanislaus County
95356,Modesto,CA,Stanislaus County
95357,Modesto,CA,Stanislaus County
95358,Modesto,CA,Stanislaus County
95360,Newman,CA,Stanislaus County
95361,Oakdale,CA,Stanislaus County
95363,Patterson,CA,Stanislaus County
95364,Pinecrest,CA,Tuolumne County
95365,Planada,CA,Merced County
95366,Ripon,CA,San Joaquin County
95367,Riverbank,CA,Stanislaus County
95368,Salida,CA,Stanislaus County
95369,Snelling,CA,Merced County
95370,Sonora,CA,Tuolumne County
95372,Soulsbyville,CA,Tuolumne County
95373,Standard,CA,Tuolumne County
95374,Stevinson,CA,Merced County
95375,Strawberry,CA,Tuolumne County
95376,Tracy,CA,San Joaquin County
95377,Tracy,CA,San Joaquin County
95378,Tracy,CA,San Joaquin County
95379,Tuolumne,CA,Tuolumne County
95380,Turlock,CA,Stanislaus County
95381,Turlock,CA,Stanislaus County
95382,Turlock,CA,Stanislaus County
95383,Twain Harte,CA,Tuolumne County
95385,Vernalis,CA,Stanislaus County
95386,Waterford,CA,Stanislaus County
95387,Westley,CA,Stanislaus County
95388,Winton,CA,Merced County
95389,Yosemite National Park,CA,Mariposa County
95391,Tracy,CA,San Joaquin County
95397,Modesto,CA,Stanislaus County
95401,Santa Rosa,CA,Sonoma County
95402,Santa Rosa,CA,Sonoma County
95403,Santa Rosa,CA,Sonoma County
95404,Santa Rosa,CA,Sonoma County
95405,Santa Rosa,CA,Sonoma County
95406,Santa Rosa,CA,Sonoma County
95407,Santa Rosa,CA,Sonoma County
95409,Santa Rosa,CA,Sonoma County
95410,Albion,CA,Mendocino County
95412,Annapolis,CA,Sonoma County
95415,Boonville,CA,Mendocino County
95416,Boyes Hot Springs,CA,Sonoma County
95417,Branscomb,CA,Mendocino County
95418,Calpella,CA,Mendocino County
95419,Camp Meeker,CA,Sonoma County
95420,Caspar,CA,Mendocino County
95421,Cazadero,CA,Sonoma County
95422,Clearlake,CA,Lake County
95423,Clearlake Oaks,CA,Lake County
95424,Clearlake Park,CA,Lake County
95425,Cloverdale,CA,Sonoma County
95426,Cobb,CA,Lake County
95427,Comptche,CA,Mendocino County
95428,Covelo,CA,Mendocino County
95429,Dos Rios,CA,Mendocino County
95430,Duncans Mills,CA,Sonoma County
95431,Eldridge,CA,Sonoma County
95432,Elk,CA,Mendocino County
95433,El Verano,CA,Sonoma County
95435,Finley,CA,Lake County
95436,Forestville,CA,Sonoma County
95437,Fort Bragg,CA,Mendocino County
95439,Fulton,CA,Sonoma County
95441,Geyserville,CA,Sonoma County
95442,Glen Ellen,CA,Sonoma County
95443,Glenhaven,CA,Lake County
95444,Graton,CA,Sonoma County
95445,Gualala,CA,Mendocino County
95446,Guerneville,CA,Sonoma County
95448,Healdsburg,CA,Sonoma County
95449,Hopland,CA,Mendocino County
95450,Jenner,CA,Sonoma County
95451,Kelseyville,CA,Lake County
95452,Kenwood,CA,Sonoma County
95453,Lakeport,CA,Lake County
95454,Laytonville,CA,Mendocino County
95456,Little River,CA,Mendocino County
95457,Lower Lake,CA,Lake County
95458,Lucerne,CA,Lake County
95459,Manchester,CA,Mendocino County
95460,Mendocino,CA,Mendocino County
95461,Middletown,CA,Lake County
95462,Monte Rio,CA,Sonoma County
95463,Navarro,CA,Mendocino County
95464,Nice,CA,Lake County
95465,Occidental,CA,Sonoma County
95466,Philo,CA,Mendocino County
95467,Hidden Valley Lake,CA,Lake County
95468,Point Arena,CA,Mendocino County
95469,Potter Valley,CA,Mendocino County
95470,Redwood Valley,CA,Mendocino County
95471,Rio Nido,CA,Sonoma County
95472,Sebastopol,CA,Sonoma County
95473,Sebastopol,CA,Sonoma County
95476,Sonoma,CA,Sonoma County
95480,Stewarts Point,CA,Sonoma County
95481,Talmage,CA,Mendocino County
95482,Ukiah,CA,Mendocino County
95485,Upper Lake,CA,Lake County
95486,Villa Grande,CA,Sonoma County
95487,Vineburg,CA,Sonoma County
95488,Westport,CA,Mendocino County
95490,Willits,CA,Mendocino County
95492,Windsor,CA,Sonoma County
95493,Witter Springs,CA,Lake County
95494,Yorkville,CA,Mendocino County
95497,The Sea Ranch,CA,Sonoma County
95501,Eureka,CA,Humboldt County
95502,Eureka,CA,Humboldt County
95503,Eureka,CA,Humboldt County
95511,Alderpoint,CA,Humboldt County
95514,Blocksburg,CA,Humboldt County
95518,Arcata,CA,Humboldt County
95519,Mckinleyville,CA,Humboldt County
95521,Arcata,CA,Humboldt County
95524,Bayside,CA,Humboldt County
95525,Blue Lake,CA,Humboldt County
95526,Bridgeville,CA,Humboldt County
95527,Burnt Ranch,CA,Trinity County
95528,Carlotta,CA,Humboldt County
95531,Crescent City,CA,Del Norte County
95532,Crescent City,CA,Del Norte County
95534,Cutten,CA,Humboldt County
95536,Ferndale,CA,Humboldt County
95537,Fields Landing,CA,Humboldt County
95538,Fort Dick,CA,Del Norte County
95540,Fortuna,CA,Humboldt County
95542,Garberville,CA,Humboldt County
95543,Gasquet,CA,Del Norte County
95545,Honeydew,CA,Humboldt County
95546,Hoopa,CA,Humboldt County
95547,Hydesville,CA,Humboldt County
95548,Klamath,CA,Del Norte County
95549,Kneeland,CA,Humboldt County
95550,Korbel,CA,Humboldt County
95551,Loleta,CA,Humboldt County
95552,Mad River,CA,Trinity County
95553,Miranda,CA,Humboldt County
95554,Myers Flat,CA,Humboldt County
95555,Orick,CA,Humboldt County
95556,Orleans,CA,Humboldt County
95558,Petrolia,CA,Humboldt County
95559,Phillipsville,CA,Humboldt County
95560,Redway,CA,Humboldt County
95562,Rio Dell,CA,Humboldt County
95563,Salyer,CA,Trinity County
95564,Samoa,CA,Humboldt County
95565,Scotia,CA,Humboldt County
95567,Smith River,CA,Del Norte County
95568,Somes Bar,CA,Siskiyou County
95569,Redcrest,CA,Humboldt County
95570,Trinidad,CA,Humboldt County
95571,Weott,CA,Humboldt County
95573,Willow Creek,CA,Humboldt County
95585,Leggett,CA,Mendocino County
95587,Piercy,CA,Mendocino County
95589,Whitethorn,CA,Humboldt County
95595,Zenia,CA,Trinity County
95601,Amador City,CA,Amador County
95602,Auburn,CA,Placer County
95603,Auburn,CA,Placer County
95604,Auburn,CA,Placer County
95605,West Sacramento,CA,Yolo County
95606,Brooks,CA,Yolo County
95607,Capay,CA,Yolo County
95608,Carmichael,CA,Sacramento County
95609,Carmichael,CA,Sacramento County
95610,Citrus Heights,CA,Sacramento County
95611,Citrus Heights,CA,Sacramento County
95612,Clarksburg,CA,Yolo County
95613,Coloma,CA,El Dorado County
95614,Cool,CA,El Dorado County
95615,Courtland,CA,Sacramento County
95616,Davis,CA,Yolo County
95617,Davis,CA,Yolo County
95618,Davis,CA,Yolo County
95619,Diamond Springs,CA,El Dorado County
95620,Dixon,CA,Solano County
95621,Citrus Heights,CA,Sacramento County
95623,El Dorado,CA,El Dorado County
95624,Elk Grove,CA,Sacramento County
95625,Elmira,CA,Solano County
95626,Elverta,CA,Sacramento County
95627,Esparto,CA,Yolo County
95628,Fair Oaks,CA,Sacramento County
95629,Fiddletown,CA,Amador County
95630,Folsom,CA,Sacramento County
95631,Foresthill,CA,Placer County
95632,Galt,CA,Sacramento County
95633,Garden Valley,CA,El Dorado County
95634,Georgetown,CA,El Dorado County
95635,Greenwood,CA,El Dorado County
95636,Grizzly Flats,CA,El Dorado County
95637,Guinda,CA,Yolo County
95638,Herald,CA,Sacramento County
95639,Hood,CA,Sacramento County
95640,Ione,CA,Amador County
95641,Isleton,CA,Sacramento County
95642,Jackson,CA,Amador County
95644,Kit Carson,CA,El Dorado County
95645,Knights Landing,CA,Yolo County
95646,Kirkwood,CA,Alpine County
95648,Lincoln,CA,Placer County
95650,Loomis,CA,Placer County
95651,Lotus,CA,El Dorado County
95652,Mcclellan,CA,Sacramento County
95653,Madison,CA,Yolo County
95654,Martell,CA,Amador County
95655,Mather,CA,Sacramento County
95656,Mount Aukum,CA,El Dorado County
95658,Newcastle,CA,Placer County
95659,Nicolaus,CA,Sutter County
95660,North Highlands,CA,Sacramento County
95661,Roseville,CA,Placer County
95662,Orangevale,CA,Sacramento County
95663,Penryn,CA,Placer County
95664,Pilot Hill,CA,El Dorado County
95665,Pine Grove,CA,Amador County
95666,Pioneer,CA,Amador County
95667,Placerville,CA,El Dorado County
95668,Pleasant Grove,CA,Sutter County
95669,Plymouth,CA,Amador County
95670,Rancho Cordova,CA,Sacramento County
95671,Represa,CA,Sacramento County
95672,Rescue,CA,El Dorado County
95673,Rio Linda,CA,Sacramento County
95674,Rio Oso,CA,Sutter County
95675,River Pines,CA,Amador County
95676,Robbins,CA,Sutter County
95677,Rocklin,CA,Placer County
95678,Roseville,CA,Placer County
95679,Rumsey,CA,Yolo County
95680,Ryde,CA,Sacramento County
95681,Sheridan,CA,Placer County
95682,Shingle Springs,CA,El Dorado County
95683,Sloughhouse,CA,Sacramento County
95684,Somerset,CA,El Dorado County
95685,Sutter Creek,CA,Amador County
95686,Thornton,CA,San Joaquin County
95687,Vacaville,CA,Solano County
95688,Vacaville,CA,Solano County
95689,Volcano,CA,Amador County
95690,Walnut Grove,CA,Sacramento County
95691,West Sacramento,CA,Yolo County
95692,Wheatland,CA,Yuba County
95693,Wilton,CA,Sacramento County
95694,Winters,CA,Yolo County
95695,Woodland,CA,Yolo County
95696,Vacaville,CA,Solano County
95697,Yolo,CA,Yolo County
95698,Zamora,CA,Yolo County
95699,Drytown,CA,Amador County
95701,Alta,CA,Placer County
95703,Applegate,CA,Placer County
95709,Camino,CA,El Dorado County
95712,Chicago Park,CA,Nevada County
95713,Colfax,CA,Placer County
95714,Dutch Flat,CA,Placer County
95715,Emigrant Gap,CA,Placer County
95717,Gold Run,CA,Placer County
95720,Kyburz,CA,El Dorado County
95721,Echo Lake,CA,El Dorado County
95722,Meadow Vista,CA,Placer County
95724,Norden,CA,Placer County
95726,Pollock Pines,CA,El Dorado County
95728,Soda Springs,CA,Placer County
95735,Twin Bridges,CA,El Dorado County
95736,Weimar,CA,Placer County
95741,Rancho Cordova,CA,Sacramento County
95742,Rancho Cordova,CA,Sacramento County
95746,Granite Bay,CA,Placer County
95747,Roseville,CA,Placer County
95757,Elk Grove,CA,Sacramento County
95758,Elk Grove,CA,Sacramento County
95759,Elk Grove,CA,Sacramento County
95762,El Dorado Hills,CA,El Dorado County
95763,Folsom,CA,Sacramento County
95765,Rocklin,CA,Placer County
95776,Woodland,CA,Yolo County
95798,West Sacramento,CA,Yolo County
95799,West Sacramento,CA,Yolo County
95811,Sacramento,CA,Sacramento County
95812,Sacramento,CA,Sacramento County
95813,Sacramento,CA,Sacramento County
95814,Sacramento,CA,Sacramento County
95815,Sacramento,CA,Sacramento County
95816,Sacramento,CA,Sacramento County
95817,Sacramento,CA,Sacramento County
95818,Sacramento,CA,Sacramento County
95819,Sacramento,CA,Sacramento County
95820,Sacramento,CA,Sacramento County
95821,Sacramento,CA,Sacramento County
95822,Sacramento,CA,Sacramento County
95823,Sacramento,CA,Sacramento County
95824,Sacramento,CA,Sacramento County
95825,Sacramento,CA,Sacramento County
95826,Sacramento,CA,Sacramento County
95827,Sacramento,CA,Sacramento County
95828,Sacramento,CA,Sacramento County
95829,Sacramento,CA,Sacramento County
95830,Sacramento,CA,Sacramento County
95831,Sacramento,CA,Sacramento County
95832,Sacramento,CA,Sacramento County
95833,Sacramento,CA,Sacramento County
95834,Sacramento,CA,Sacramento County
95835,Sacramento,CA,Sacramento County
95836,Sacramento,CA,Sacramento County
95837,Sacramento,CA,Sacramento County
95838,Sacramento,CA,Sacramento County
95840,Sacramento,CA,Sacramento County
95841,Sacramento,CA,Sacramento County
95842,Sacramento,CA,Sacramento County
95843,Antelope,CA,Sacramento County
95851,Sacramento,CA,Sacramento County
95852,Sacramento,CA,Sacramento County
95853,Sacramento,CA,Sacramento County
95860,Sacramento,CA,Sacramento County
95864,Sacramento,CA,Sacramento County
95865,Sacramento,CA,Sacramento County
95866,Sacramento,CA,Sacramento County
95867,Sacramento,CA,Sacramento County
95887,Sacramento,CA,Sacramento County
95894,Sacramento,CA,Sacramento County
95899,Sacramento,CA,Sacramento County
95901,Marysville,CA,Yuba County
95903,Beale AFB,CA,Yuba County
95910,Alleghany,CA,Sierra County
95912,Arbuckle,CA,Colusa County
95913,Artois,CA,Glenn County
95914,Bangor,CA,Butte County
95915,Belden,CA,Plumas County
95916,Berry Creek,CA,Butte County
95917,Biggs,CA,Butte County
95918,Browns Valley,CA,Yuba County
95919,Brownsville,CA,Yuba County
95920,Butte City,CA,Glenn County
95922,Camptonville,CA,Yuba County
95923,Canyon Dam,CA,Plumas County
95924,Cedar Ridge,CA,Nevada County
95925,Challenge,CA,Yuba County
95926,Chico,CA,Butte County
95927,Chico,CA,Butte County
95928,Chico,CA,Butte County
95929,Chico,CA,Butte County
95930,Clipper Mills,CA,Butte County
95932,Colusa,CA,Colusa County
95934,Crescent Mills,CA,Plumas County
95935,Dobbins,CA,Yuba County
95936,Downieville,CA,Sierra County
95937,Dunnigan,CA,Yolo County
95938,Durham,CA,Butte County
95939,Elk Creek,CA,Glenn County
95940,Feather Falls,CA,Butte County
95941,Forbestown,CA,Butte County
95942,Forest Ranch,CA,Butte County
95943,Glenn,CA,Glenn County
95944,Goodyears Bar,CA,Sierra County
95945,Grass Valley,CA,Nevada County
95946,Penn Valley,CA,Nevada County
95947,Greenville,CA,Plumas County
95948,Gridley,CA,Butte County
95949,Grass Valley,CA,Nevada County
95950,Grimes,CA,Colusa County
95951,Hamilton City,CA,Glenn County
95953,Live Oak,CA,Sutter County
95954,Magalia,CA,Butte County
95955,Maxwell,CA,Colusa County
95956,Meadow Valley,CA,Plumas County
95957,Meridian,CA,Sutter County
95958,Nelson,CA,Butte County
95959,Nevada City,CA,Nevada County
95960,North San Juan,CA,Nevada County
95961,Olivehurst,CA,Yuba County
95962,Oregon House,CA,Yuba County
95963,Orland,CA,Glenn County
95965,Oroville,CA,Butte County
95966,Oroville,CA,Butte County
95967,Paradise,CA,Butte County
95968,Palermo,CA,Butte County
95969,Paradise,CA,Butte County
95970,Princeton,CA,Colusa County
95971,Quincy,CA,Plumas County
95972,Rackerby,CA,Yuba County
95973,Chico,CA,Butte County
95974,Richvale,CA,Butte County
95975,Rough And Ready,CA,Nevada County
95976,Chico,CA,Butte County
95977,Smartsville,CA,Nevada County
95978,Stirling City,CA,Butte County
95979,Stonyford,CA,Colusa County
95980,Storrie,CA,Plumas County
95981,Strawberry Valley,CA,Plumas County
95982,Sutter,CA,Sutter County
95983,Taylorsville,CA,Plumas County
95984,Twain,CA,Plumas County
95986,Washington,CA,Nevada County
95987,Williams,CA,Colusa County
95988,Willows,CA,Glenn County
95991,Yuba City,CA,Sutter County
95992,Yuba City,CA,Sutter County
95993,Yuba City,CA,Sutter County
96001,Redding,CA,Shasta County
96002,Redding,CA,Shasta County
96003,Redding,CA,Shasta County
96006,Adin,CA,Modoc County
96007,Anderson,CA,Shasta County
96008,Bella Vista,CA,Shasta County
96009,Bieber,CA,Lassen County
96010,Big Bar,CA,Trinity County
96011,Big Bend,CA,Shasta County
96013,Burney,CA,Shasta County
96014,Callahan,CA,Siskiyou County
96015,Canby,CA,Modoc County
96016,Cassel,CA,Shasta County
96017,Castella,CA,Shasta County
96019,Shasta Lake,CA,Shasta County
96020,Chester,CA,Plumas County
96021,Corning,CA,Tehama County
96022,Cottonwood,CA,Tehama County
96023,Dorris,CA,Siskiyou County
96024,Douglas City,CA,Trinity County
96025,Dunsmuir,CA,Siskiyou County
96027,Etna,CA,Siskiyou County
96028,Fall River Mills,CA,Shasta County
96029,Flournoy,CA,Tehama County
96031,Forks Of Salmon,CA,Siskiyou County
96032,Fort Jones,CA,Siskiyou County
96033,French Gulch,CA,Shasta County
96034,Gazelle,CA,Siskiyou County
96035,Gerber,CA,Tehama County
96037,Greenview,CA,Siskiyou County
96038,Grenada,CA,Siskiyou County
96039,Happy Camp,CA,Siskiyou County
96040,Hat Creek,CA,Shasta County
96041,Hayfork,CA,Trinity County
96044,Hornbrook,CA,Siskiyou County
96046,Hyampom,CA,Trinity County
96047,Igo,CA,Shasta County
96048,Junction City,CA,Trinity County
96049,Redding,CA,Siskiyou County
96050,Klamath River,CA,Siskiyou County
96051,Lakehead,CA,Shasta County
96052,Lewiston,CA,Trinity County
96054,Lookout,CA,Modoc County
96055,Los Molinos,CA,Tehama County
96056,Mcarthur,CA,Shasta County
96057,Mccloud,CA,Siskiyou County
96058,Macdoel,CA,Siskiyou County
96059,Manton,CA,Tehama County
96061,Mill Creek,CA,Tehama County
96062,Millville,CA,Shasta County
96063,Mineral,CA,Tehama County
96064,Montague,CA,Siskiyou County
96065,Montgomery Creek,CA,Shasta County
96067,Mount Shasta,CA,Siskiyou County
96068,Nubieber,CA,Lassen County
96069,Oak Run,CA,Shasta County
96070,Obrien,CA,Shasta County
96071,Old Station,CA,Shasta County
96073,Palo Cedro,CA,Shasta County
96074,Paskenta,CA,Tehama County
96075,Paynes Creek,CA,Tehama County
96076,Platina,CA,Trinity County
96078,Proberta,CA,Tehama County
96079,Shasta Lake,CA,Shasta County
96080,Red Bluff,CA,Tehama County
96084,Round Mountain,CA,Shasta County
96085,Scott Bar,CA,Siskiyou County
96086,Seiad Valley,CA,Siskiyou County
96087,Shasta,CA,Shasta County
96088,Shingletown,CA,Shasta County
96089,Shasta Lake,CA,Shasta County
96090,Tehama,CA,Tehama County
96091,Trinity Center,CA,Trinity County
96092,Vina,CA,Tehama County
96093,Weaverville,CA,Trinity County
96094,Weed,CA,Siskiyou County
96095,Whiskeytown,CA,Shasta County
96096,Whitmore,CA,Shasta County
96097,Yreka,CA,Siskiyou County
96099,Redding,CA,Shasta County
96101,Alturas,CA,Modoc County
96103,Blairsden Graeagle,CA,Plumas County
96104,Cedarville,CA,Modoc County
96105,Chilcoot,CA,Plumas County
96106,Clio,CA,Plumas County
96107,Coleville,CA,Mono County
96108,Davis Creek,CA,Modoc County
96109,Doyle,CA,Lassen County
96110,Eagleville,CA,Modoc County
96111,Floriston,CA,Nevada County
96112,Fort Bidwell,CA,Modoc County
96113,Herlong,CA,Lassen County
96114,Janesville,CA,Lassen County
96115,Lake City,CA,Modoc County
96116,Likely,CA,Modoc County
96117,Litchfield,CA,Lassen County
96118,Loyalton,CA,Sierra County
96119,Madeline,CA,Lassen County
96120,Markleeville,CA,Alpine County
96121,Milford,CA,Lassen County
96122,Portola,CA,Plumas County
96123,Ravendale,CA,Lassen County
96124,Calpine,CA,Sierra County
96125,Sierra City,CA,Sierra County
96126,Sierraville,CA,Sierra County
96127,Susanville,CA,Lassen County
96128,Standish,CA,Lassen County
96129,Beckwourth,CA,Plumas County
96130,Susanville,CA,Lassen County
96132,Termo,CA,Lassen County
96133,Topaz,CA,Mono County
96134,Tulelake,CA,Siskiyou County
96135,Vinton,CA,Plumas County
96136,Wendel,CA,Lassen County
96137,Westwood,CA,Lassen County
96140,Carnelian Bay,CA,Placer County
96141,Homewood,CA,Placer County
96142,Tahoma,CA,El Dorado County
96143,Kings Beach,CA,Placer County
96145,Tahoe City,CA,Placer County
96146,Olympic Valley,CA,Placer County
96148,Tahoe Vista,CA,Placer County
96150,South Lake Tahoe,CA,El Dorado County
96151,South Lake Tahoe,CA,El Dorado County
96152,South Lake Tahoe,CA,El Dorado County
96154,South Lake Tahoe,CA,El Dorado County
96155,South Lake Tahoe,CA,El Dorado County
96156,South Lake Tahoe,CA,Alpine County
96157,South Lake Tahoe,CA,El Dorado County
96158,South Lake Tahoe,CA,El Dorado County
96160,Truckee,CA,Nevada County
96161,Truckee,CA,Nevada County
96162,Truckee,CA,Placer County
